task,shape,n_test,contrast,delta_point,boot_mean,ci_lo,ci_hi,frac_positive,n_boot_valid,n_boot,paper_delta,paper_2se,paper_verdict,boot_verdict,agree
pulsating,detection,2021,fusion-features,0.05716351773476103,0.0583177116419985,0.011791638093214775,0.10519278552155718,0.991,1000,1000,0.057163517734761,0.0105384592745059,ahead,ahead,True
pulsating,detection,2021,untrained_fusion-features,0.015534065373687067,0.015102372440753676,-0.020284705268384665,0.0537293902304636,0.784,1000,1000,0.015534065373687,,n/a,tied,True
pulsating,detection,2021,fusion-dynoff_fusion,0.006504942877765263,0.007584922263379236,-0.023238372533027102,0.035744195871056705,0.695,1000,1000,0.0065049428777653,0.0193401781802785,tied,tied,True
pulsating,detection,2021,fusion-c1,0.02998309741496763,0.031761838688253885,-0.007970460087035263,0.07265710101820773,0.939,1000,1000,0.0299830974149676,0.0147173018382296,ahead,tied,False
pulsating,detection,2021,fusion-c2,0.09781546324340029,0.09829334367014804,0.04542180031047051,0.14961678357551977,1.0,1000,1000,0.0978154632434002,0.0146938337559471,ahead,ahead,True
pulsating,detection,2021,mu-features,0.01698722813331921,0.018189922057038097,-0.03916646145850004,0.07109605375132501,0.747,1000,1000,,,n/a,tied,True
eb,detection,2021,fusion-features,0.03299471729685799,0.032549795336050506,0.004822163743259453,0.061794983110651194,0.989,1000,1000,0.0329947172968579,0.0030326440094156,ahead,ahead,True
eb,detection,2021,untrained_fusion-features,-0.010154487430609316,-0.00979914814954803,-0.033620861537168346,0.011540787478091629,0.217,1000,1000,-0.0101544874306093,,n/a,tied,True
eb,detection,2021,fusion-dynoff_fusion,0.020578828230329305,0.02034504391618131,0.0036305307212761155,0.03796449743999368,0.987,1000,1000,0.0205788282303293,0.0116859575236524,ahead,ahead,True
eb,detection,2021,fusion-c1,0.0008358066365548034,0.0005173849627983182,-0.024112750484801868,0.02461921243731318,0.518,1000,1000,0.0008358066365548,0.0045871902211474,tied,tied,True
eb,detection,2021,fusion-c2,0.05588603455439989,0.0561344346382558,0.021711784307997993,0.09351192149804181,0.999,1000,1000,0.0558860345543998,0.007223061045442,ahead,ahead,True
eb,detection,2021,mu-features,0.029556291652333422,0.029358653089761717,-0.0036617042700757625,0.06849473313135541,0.952,1000,1000,,,n/a,tied,True
rotation,detection,2021,fusion-features,0.015541000795291082,0.014822339930755548,-0.025551956025393424,0.05654212041473937,0.77,1000,1000,0.015541000795291,0.0162999966748322,tied,tied,True
rotation,detection,2021,untrained_fusion-features,-0.025686494287450068,-0.02545786732525015,-0.06577872220500142,0.013355196666872321,0.101,1000,1000,-0.02568649428745,,n/a,tied,True
rotation,detection,2021,fusion-dynoff_fusion,0.02620874797336148,0.023545620276376578,-0.004999799456685871,0.05245594637947074,0.941,1000,1000,0.0262087479733614,0.0163438197731832,ahead,tied,False
rotation,detection,2021,fusion-c1,-0.009521248776470648,-0.00822133877563871,-0.056447511863605984,0.03962698766820339,0.383,1000,1000,-0.0095212487764706,0.0174424826406978,tied,tied,True
rotation,detection,2021,fusion-c2,0.02937656763598584,0.03034511447658924,-0.022789213860616237,0.07926878368904058,0.869,1000,1000,0.0293765676359858,0.0241626916643499,ahead,tied,False
rotation,detection,2021,mu-features,0.01945755091544754,0.017892298034206132,-0.036372009887643844,0.07215648659352643,0.753,1000,1000,,,n/a,tied,True
transit,detection,2021,fusion-features,0.02741758570373984,0.0231352349704404,-0.02504699828258247,0.06450992524448751,0.849,1000,1000,0.0274175857037398,0.0124695588078079,ahead,tied,False
transit,detection,2021,untrained_fusion-features,0.003904172258869687,-0.00010459029530258765,-0.04746198907988998,0.04290267135159047,0.511,1000,1000,0.0039041722588697,,n/a,tied,True
transit,detection,2021,fusion-dynoff_fusion,0.009233207580341685,0.008991992690222989,-0.016154214389030988,0.03491312131476552,0.783,1000,1000,0.0092332075803416,0.0206916910716428,tied,tied,True
transit,detection,2021,fusion-c1,0.08365439460966892,0.07939966056081878,0.041204138801824386,0.12422631646401347,1.0,1000,1000,0.0836543946096688,0.0171367991848024,ahead,ahead,True
transit,detection,2021,fusion-c2,0.10886579544622028,0.10712285901524082,0.045637832758939026,0.17445362080807247,1.0,1000,1000,0.1088657954462202,0.013219922918938,ahead,ahead,True
transit,detection,2021,mu-features,-0.046009757826134534,-0.04615612204694188,-0.10250787464469904,0.0010536547288947848,0.031,1000,1000,,,n/a,tied,True
osc_giant,detection,3429,fusion-features,-0.0027850811986158686,-0.0028795965073652547,-0.00985468619813075,0.00462390185483298,0.214,1000,1000,-0.0027850811986158,0.0019176367452403,behind,tied,False
osc_giant,detection,3429,untrained_fusion-features,-0.003150578324062847,-0.0032844463192527825,-0.008993749553239524,0.0021208352924511654,0.124,1000,1000,-0.0031505783240628,,n/a,tied,True
osc_giant,detection,3429,fusion-dynoff_fusion,0.0031321744738123103,0.0031149231209185524,-0.0016736715253592215,0.008359514124870219,0.87,1000,1000,0.0031321744738122,0.0035479883769189,tied,tied,True
osc_giant,detection,3429,fusion-c1,0.04261366426093449,0.04255640166722144,0.0277716776824571,0.05718889907468027,1.0,1000,1000,0.0426136642609344,0.0066558647967135,ahead,ahead,True
osc_giant,detection,3429,fusion-c2,0.0351056417484521,0.03524600991595931,0.02064490403565759,0.05057665054454694,1.0,1000,1000,0.0351056417484521,0.0033172843127547,ahead,ahead,True
osc_giant,detection,3429,mu-features,-0.066302982660432,-0.06624247472164067,-0.08768013625451652,-0.04575879999217325,0.0,1000,1000,,,n/a,behind,True
solar_like_osc,detection,3429,fusion-features,0.07074073841786604,0.06985838833988182,0.04364131109242753,0.09675938119276513,1.0,1000,1000,0.0707407384178661,0.005755203360782,ahead,ahead,True
solar_like_osc,detection,3429,untrained_fusion-features,-0.006826712546409486,-0.006757264773294218,-0.02259002664384888,0.008016843569911235,0.203,1000,1000,-0.0068267125464094,,n/a,tied,True
solar_like_osc,detection,3429,fusion-dynoff_fusion,0.04722455673269016,0.046432943269783936,0.024911251734282203,0.06668563319844302,1.0,1000,1000,0.0472245567326902,0.0123165105027403,ahead,ahead,True
solar_like_osc,detection,3429,fusion-c1,-0.00580643049036117,-0.006553413884637493,-0.0372946062237136,0.022288454802621465,0.343,1000,1000,-0.0058064304903611,0.0068760972747737,tied,tied,True
solar_like_osc,detection,3429,fusion-c2,0.11577457574226951,0.11536934740485379,0.0789350691562188,0.15080762575453635,1.0,1000,1000,0.1157745757422695,0.0082988007228867,ahead,ahead,True
solar_like_osc,detection,3429,mu-features,0.015942867565318264,0.015617223968218548,-0.015979449058265704,0.04718562378411703,0.829,1000,1000,,,n/a,tied,True
rgb_vs_heb,contrastive,161,fusion-features,-0.050485496558505316,-0.05051884282064995,-0.08669745532245521,-0.012347122096408642,0.002,1000,1000,-0.0504854965585053,0.0185521003807097,behind,behind,True
rgb_vs_heb,contrastive,161,untrained_fusion-features,-0.03779498525073732,-0.038324398714975685,-0.11154188113298429,0.027452899639481648,0.134,1000,1000,-0.0377949852507373,,n/a,tied,True
rgb_vs_heb,contrastive,161,fusion-dynoff_fusion,0.001505653883972502,0.0012724001045802092,-0.03663463849068883,0.038683359872066246,0.523,1000,1000,0.0015056538839724,0.0297708083569228,tied,tied,True
rgb_vs_heb,contrastive,161,fusion-c1,0.17742133726647003,0.17543675983064438,0.09908683588377876,0.246676669578397,1.0,1000,1000,0.17742133726647,0.0236764397145266,ahead,ahead,True
rgb_vs_heb,contrastive,161,fusion-c2,-0.05432645034414951,-0.05443382355251632,-0.12560834798407608,0.020460311384192083,0.081,1000,1000,-0.0543264503441495,0.0187883918862328,behind,tied,False
rgb_vs_heb,contrastive,161,mu-features,-0.09817477876106184,-0.0968399230099359,-0.15701651827520757,-0.04047696347243289,0.0,1000,1000,,,n/a,behind,True
numax_hon,regression,1313,fusion-features,0.03576319438607678,0.035721225988430416,0.02830999642994358,0.043298989843294715,1.0,1000,1000,0.0357631943860767,0.0021815426653111,ahead,ahead,True
numax_hon,regression,1313,untrained_fusion-features,-0.0014926031029699471,-0.0013762659533561761,-0.006028445774443275,0.0029282249756694854,0.275,1000,1000,-0.0014926031029699,,n/a,tied,True
numax_hon,regression,1313,fusion-dynoff_fusion,0.02544225166654923,0.02542654272374596,0.02006954693037536,0.03066084800139491,1.0,1000,1000,0.0254422516665492,0.0054318699381261,ahead,ahead,True
numax_hon,regression,1313,fusion-c1,0.034644772419629044,0.034858458137862244,0.02433557969891122,0.045088894978700306,1.0,1000,1000,0.034644772419629,0.0113694446318891,ahead,ahead,True
numax_hon,regression,1313,fusion-c2,0.032668561159298504,0.03258870718541849,0.018157087758541128,0.0466316284825861,1.0,1000,1000,0.0326685611592985,0.0059062413927067,ahead,ahead,True
numax_hon,regression,1313,mu-features,-0.02904910312304443,-0.02955901024027331,-0.04320590047453034,-0.01580120279143554,0.0,1000,1000,,,n/a,behind,True
rotation_period,regression,150,fusion-features,0.01324967271250177,0.011555923592889183,-0.03814092953969706,0.06651345825849035,0.652,1000,1000,0.0132496727125017,0.0100290537990084,ahead,tied,False
rotation_period,regression,150,untrained_fusion-features,-0.05672314659664446,-0.056478305040323216,-0.11557267384975785,-0.0063180046777641784,0.015,1000,1000,-0.0567231465966444,,n/a,behind,True
rotation_period,regression,150,fusion-dynoff_fusion,0.01862945747201139,0.01827843222049305,-0.02113049565362361,0.0600599392866303,0.826,1000,1000,0.0186294574720111,0.0178067017494026,ahead,tied,False
rotation_period,regression,150,fusion-c1,0.11982223958878224,0.11958767724200788,0.05415607917578898,0.18602623344849084,0.999,1000,1000,0.1198222395887822,0.0400244389225715,ahead,ahead,True
rotation_period,regression,150,fusion-c2,0.019008907293632582,0.02002522268808656,-0.05309693725802398,0.10020179303380201,0.687,1000,1000,0.0190089072936325,0.0140700793345223,ahead,tied,False
rotation_period,regression,150,mu-features,-0.02668269542035362,-0.028801665596589778,-0.1398176972914148,0.07547362438706108,0.289,1000,1000,,,n/a,tied,True
flare,detection,3429,fusion-features,0.05057690731023934,0.04924505813945101,0.019037184160824124,0.0775621321258253,1.0,1000,1000,0.0505769073102393,0.0078183592251619,ahead,ahead,True
flare,detection,3429,untrained_fusion-features,0.006048000331743741,0.005932120549458805,-0.0056452871098289096,0.017978461058980308,0.837,1000,1000,0.0060480003317437,,n/a,tied,True
flare,detection,3429,fusion-dynoff_fusion,0.017608231171269306,0.01739935453826178,-0.0003603603055117656,0.03516283285133862,0.97,1000,1000,0.0176082311712693,0.0133279892167654,ahead,tied,False
flare,detection,3429,fusion-c1,-0.00876868022503785,-0.008747867785412235,-0.04704452958007523,0.029158332331031083,0.324,1000,1000,-0.0087686802250378,0.0127273517380028,tied,tied,True
flare,detection,3429,fusion-c2,0.08071000837955472,0.07901267705225797,0.02694974786997878,0.1275760082042149,0.997,1000,1000,0.0807100083795547,0.0114167134323134,ahead,ahead,True
flare,detection,3429,mu-features,-0.02086695162929858,-0.021025151436915145,-0.07163135283851356,0.023199287339424807,0.19,1000,1000,,,n/a,tied,True
