arm,roadmap_row,block,task,shape,metric,reference,reference_score,supervised_score,floor,delta_ref_minus_supervised,delta_2se,beats_2se,spread_note,n_test,n_test_pos,prevalence,flags,recovery,recovery_lo,recovery_hi,recovery_note,best_supervised_arm,best_supervised_score,ceiling_caveat
conv_supervised,C1,v1,eb,detection,pr_auc,features_linear,0.7415706666682151,0.7737295773285183,0.09698169223156854,-0.032158910660303186,0.003441712428014181,True,"unpaired: supervised seeds are init seeds, encoder seeds are pretraining seeds",2021,196,0.09698169223156854,,0.9524802199334599,0.9476607357450645,0.9573489752537747,,conv_supervised,0.7737295773285183,
conv_supervised,C1,v1,eb,detection,pr_auc,mu_linear,0.7711269583205486,0.7737295773285183,0.09698169223156854,-0.002602619007969764,0.008181846919889615,False,"unpaired: supervised seeds are init seeds, encoder seeds are pretraining seeds",2021,196,0.09698169223156854,,0.9961542266104062,0.9802009871489943,1.0122705611532243,,conv_supervised,0.7737295773285183,
conv_supervised,C1,v1,eb,detection,pr_auc,fusion_linear,0.7745653839650731,0.7737295773285183,0.09698169223156854,0.0008358066365548034,0.0045871902211475375,False,"unpaired: supervised seeds are init seeds, encoder seeds are pretraining seeds",2021,196,0.09698169223156854,,1.001235033983793,0.9917103263246128,1.0108571157828654,ssl_exceeds_ceiling,conv_supervised,0.7737295773285183,
conv_supervised,C1,menu,flare,detection,pr_auc,features_linear,0.4737575583947567,0.5331031459300339,0.08865558471857685,-0.059345587535277244,0.010042845278563757,True,"unpaired: supervised seeds are init seeds, encoder seeds are pretraining seeds",3429,304,0.08865558471857685,,0.8664733644313054,0.8473269582306032,0.8865050482915803,,conv_supervised,0.5331031459300339,
conv_supervised,C1,menu,flare,detection,pr_auc,mu_linear,0.452890606765458,0.5331031459300339,0.08865558471857685,-0.08021253916457594,0.021696821734226435,True,"unpaired: supervised seeds are init seeds, encoder seeds are pretraining seeds",3429,304,0.08865558471857685,,0.8195230525150462,0.7590972349671886,0.8827427952400768,,conv_supervised,0.5331031459300339,
conv_supervised,C1,menu,flare,detection,pr_auc,fusion_linear,0.5243344657049961,0.5331031459300339,0.08865558471857685,-0.00876868022503785,0.012727351738002865,False,"unpaired: supervised seeds are init seeds, encoder seeds are pretraining seeds",3429,304,0.08865558471857685,,0.9802706078504818,0.9414071576682481,1.0209309980881802,,conv_supervised,0.5331031459300339,
conv_supervised,C1,menu,ijspeert,detection,pr_auc,features_linear,0.5083851396314705,0.455470651666174,0.04601682335477486,0.052914487965296464,0.005527750791924403,True,"unpaired: supervised seeds are init seeds, encoder seeds are pretraining seeds",2021,93,0.04601682335477486,,1.1292318799008854,1.114189977482286,1.1446854808585691,ssl_exceeds_ceiling,conv_supervised,0.455470651666174,
conv_supervised,C1,menu,ijspeert,detection,pr_auc,mu_linear,0.4398611486451704,0.455470651666174,0.04601682335477486,-0.015609503021003612,0.017561375059212573,False,"unpaired: supervised seeds are init seeds, encoder seeds are pretraining seeds",2021,93,0.04601682335477486,,0.9618772571125352,0.9088972501926984,1.0163073327033811,,conv_supervised,0.455470651666174,
conv_supervised,C1,menu,ijspeert,detection,pr_auc,fusion_linear,0.4540511687986848,0.455470651666174,0.04601682335477486,-0.001419482867489219,0.029430605819647307,False,"unpaired: supervised seeds are init seeds, encoder seeds are pretraining seeds",2021,93,0.04601682335477486,,0.9965332284879513,0.9136008429309831,1.0817354826444117,,conv_supervised,0.455470651666174,
conv_supervised,C1,menu,numax_hon,regression,r2,features_linear,0.8308724422696793,0.831990864236127,0.0,-0.0011184219664477357,0.01115818725586828,False,"unpaired: supervised seeds are init seeds, encoder seeds are pretraining seeds",1313,-1,,,0.9986557280680304,0.9854395741766039,1.0122311959196795,,mlp_raw,0.8339670754964575,"mlp_raw reaches 0.834 on this task, so a ratio against conv_supervised understates the labelled ceiling"
conv_supervised,C1,menu,numax_hon,regression,r2,mu_linear,0.8018233391466348,0.831990864236127,0.0,-0.030167525089492164,0.011363148278145623,True,"unpaired: supervised seeds are init seeds, encoder seeds are pretraining seeds",1313,-1,,,0.9637405572750011,0.9484382990561621,0.9794588453801542,,mlp_raw,0.8339670754964575,"mlp_raw reaches 0.834 on this task, so a ratio against conv_supervised understates the labelled ceiling"
conv_supervised,C1,menu,numax_hon,regression,r2,fusion_linear,0.866635636655756,0.831990864236127,0.0,0.034644772419629044,0.011369444631889191,True,"unpaired: supervised seeds are init seeds, encoder seeds are pretraining seeds",1313,-1,,,1.0416408087021933,1.025268417797244,1.058458323707747,ssl_exceeds_ceiling,mlp_raw,0.8339670754964575,"mlp_raw reaches 0.834 on this task, so a ratio against conv_supervised understates the labelled ceiling"
conv_supervised,C1,menu,osc_giant,detection,pr_auc,features_linear,0.9204155602510234,0.8750168147914731,0.38291046952464275,0.04539874545955036,0.006373633618700987,True,"unpaired: supervised seeds are init seeds, encoder seeds are pretraining seeds",3429,1313,0.38291046952464275,,1.0922539322977725,1.0782882231862134,1.1065861487948458,ssl_exceeds_ceiling,mlp_raw,0.8825248373039555,"mlp_raw reaches 0.883 on this task, so a ratio against conv_supervised understates the labelled ceiling"
conv_supervised,C1,menu,osc_giant,detection,pr_auc,mu_linear,0.8541125775905914,0.8750168147914731,0.38291046952464275,-0.020904237200881637,0.00742191094939011,True,"unpaired: supervised seeds are init seeds, encoder seeds are pretraining seeds",3429,1313,0.38291046952464275,,0.9575208948188894,0.9376490381205274,0.9779142561673662,,mlp_raw,0.8825248373039555,"mlp_raw reaches 0.883 on this task, so a ratio against conv_supervised understates the labelled ceiling"
conv_supervised,C1,menu,osc_giant,detection,pr_auc,fusion_linear,0.9176304790524076,0.8750168147914731,0.38291046952464275,0.04261366426093449,0.006655864796713591,True,"unpaired: supervised seeds are init seeds, encoder seeds are pretraining seeds",3429,1313,0.38291046952464275,,1.0865944214513807,1.0688541071874722,1.1048003014912284,ssl_exceeds_ceiling,mlp_raw,0.8825248373039555,"mlp_raw reaches 0.883 on this task, so a ratio against conv_supervised understates the labelled ceiling"
conv_supervised,C1,v1,pulsating,detection,pr_auc,features_linear,0.7885316083142139,0.8157120286340073,0.10687778327560614,-0.027180420319793397,0.010273258953084966,True,"unpaired: supervised seeds are init seeds, encoder seeds are pretraining seeds",2021,216,0.10687778327560614,selected_first_epoch,0.9616547585027436,0.9479164394081263,0.975797157734631,,conv_supervised,0.8157120286340073,
conv_supervised,C1,v1,pulsating,detection,pr_auc,mu_linear,0.8055188364475331,0.8157120286340073,0.10687778327560614,-0.010193192186474187,0.018075316121005023,False,"unpaired: supervised seeds are init seeds, encoder seeds are pretraining seeds",2021,216,0.10687778327560614,selected_first_epoch,0.9856197802896497,0.9508578641237513,1.0214041359373616,,conv_supervised,0.8157120286340073,
conv_supervised,C1,v1,pulsating,detection,pr_auc,fusion_linear,0.8456951260489749,0.8157120286340073,0.10687778327560614,0.02998309741496763,0.014717301838229719,True,"unpaired: supervised seeds are init seeds, encoder seeds are pretraining seeds",2021,216,0.10687778327560614,selected_first_epoch,1.0422991660057388,1.0127538360153228,1.0727135019433887,ssl_exceeds_ceiling,conv_supervised,0.8157120286340073,
conv_supervised,C1,menu,rgb_vs_heb,contrastive,roc_auc,features_linear,0.758296460176991,0.5303896263520157,0.5,0.22790683382497534,0.014710315055079031,True,"unpaired: supervised seeds are init seeds, encoder seeds are pretraining seeds",161,113,0.7018633540372671,small_n,8.499494438827105,5.727201679609236,16.473712096490836,ssl_exceeds_ceiling,mlp_raw,0.7621374139626352,"mlp_raw reaches 0.762 on this task, so a ratio against conv_supervised understates the labelled ceiling | denominator span is under a quarter of the probe's own span; the ratio is numerically unstable and should not be quoted as a percentage"
conv_supervised,C1,menu,rgb_vs_heb,contrastive,roc_auc,mu_linear,0.6601216814159292,0.5303896263520157,0.5,0.1297320550639135,0.023417631669657834,True,"unpaired: supervised seeds are init seeds, encoder seeds are pretraining seeds",161,113,0.7018633540372671,small_n,5.268958543983828,3.1463684099457203,11.374372797421023,ssl_exceeds_ceiling,mlp_raw,0.7621374139626352,"mlp_raw reaches 0.762 on this task, so a ratio against conv_supervised understates the labelled ceiling | denominator span is under a quarter of the probe's own span; the ratio is numerically unstable and should not be quoted as a percentage"
conv_supervised,C1,menu,rgb_vs_heb,contrastive,roc_auc,fusion_linear,0.7078109636184857,0.5303896263520157,0.5,0.17742133726647003,0.02367643971452663,True,"unpaired: supervised seeds are init seeds, encoder seeds are pretraining seeds",161,113,0.7018633540372671,small_n,6.838220424671393,4.19643257469961,14.43705400781352,ssl_exceeds_ceiling,mlp_raw,0.7621374139626352,"mlp_raw reaches 0.762 on this task, so a ratio against conv_supervised understates the labelled ceiling | denominator span is under a quarter of the probe's own span; the ratio is numerically unstable and should not be quoted as a percentage"
conv_supervised,C1,v1,rotation,detection,pr_auc,features_linear,0.5399058270366012,0.5649680766083629,0.08906481939633845,-0.02506224957176173,0.00620888951999509,True,"unpaired: supervised seeds are init seeds, encoder seeds are pretraining seeds",2021,180,0.08906481939633845,,0.9473375120006879,0.935137209664334,0.9598603659132475,,conv_supervised,0.5649680766083629,
conv_supervised,C1,v1,rotation,detection,pr_auc,mu_linear,0.5593633779520487,0.5649680766083629,0.08906481939633845,-0.005604698656314189,0.012469560289146402,False,"unpaired: supervised seeds are init seeds, encoder seeds are pretraining seeds",2021,180,0.08906481939633845,,0.9882230294258794,0.95306600145163,1.0243095388568304,,conv_supervised,0.5649680766083629,
conv_supervised,C1,v1,rotation,detection,pr_auc,fusion_linear,0.5554468278318923,0.5649680766083629,0.08906481939633845,-0.009521248776470648,0.017442482640697844,False,"unpaired: supervised seeds are init seeds, encoder seeds are pretraining seeds",2021,180,0.08906481939633845,,0.9799933103373807,0.9335628957112716,1.0276512522008192,,conv_supervised,0.5649680766083629,
conv_supervised,C1,menu,rotation_period,regression,r2,features_linear,0.7033665761576867,0.5967940092814062,0.0,0.10657256687628047,0.03874756496817903,True,"unpaired: supervised seeds are init seeds, encoder seeds are pretraining seeds",150,-1,,small_n,1.178575128467867,1.1067200080312383,1.260408669072878,ssl_exceeds_ceiling,mlp_raw,0.6976073415765559,"mlp_raw reaches 0.698 on this task, so a ratio against conv_supervised understates the labelled ceiling"
conv_supervised,C1,menu,rotation_period,regression,r2,mu_linear,0.6766838807373331,0.5967940092814062,0.0,0.07988987145592685,0.03956125172296703,True,"unpaired: supervised seeds are init seeds, encoder seeds are pretraining seeds",150,-1,,small_n,1.1338650693764862,1.0521758123144187,1.226898399418394,ssl_exceeds_ceiling,mlp_raw,0.6976073415765559,"mlp_raw reaches 0.698 on this task, so a ratio against conv_supervised understates the labelled ceiling"
conv_supervised,C1,menu,rotation_period,regression,r2,fusion_linear,0.7166162488701885,0.5967940092814062,0.0,0.11982223958878224,0.040024438922571536,True,"unpaired: supervised seeds are init seeds, encoder seeds are pretraining seeds",150,-1,,small_n,1.2007765455505477,1.111787526890718,1.3021233448829868,ssl_exceeds_ceiling,mlp_raw,0.6976073415765559,"mlp_raw reaches 0.698 on this task, so a ratio against conv_supervised understates the labelled ceiling"
conv_supervised,C1,menu,solar_like_osc,detection,pr_auc,features_linear,0.3197474051325776,0.39629457404080487,0.1216097987751531,-0.07654716890822727,0.0037627580321081483,True,"unpaired: supervised seeds are init seeds, encoder seeds are pretraining seeds",3429,417,0.1216097987751531,,0.7213272237815243,0.7115796789822685,0.7313455302771624,,conv_supervised,0.39629457404080487,
conv_supervised,C1,menu,solar_like_osc,detection,pr_auc,mu_linear,0.3356902726978959,0.39629457404080487,0.1216097987751531,-0.06060430134290895,0.008620253220367129,True,"unpaired: supervised seeds are init seeds, encoder seeds are pretraining seeds",3429,417,0.1216097987751531,,0.7793678179495109,0.7409826959200752,0.8188191798342717,,conv_supervised,0.39629457404080487,
conv_supervised,C1,menu,solar_like_osc,detection,pr_auc,fusion_linear,0.3904881435504437,0.39629457404080487,0.1216097987751531,-0.00580643049036117,0.006876097274773737,False,"unpaired: supervised seeds are init seeds, encoder seeds are pretraining seeds",3429,417,0.1216097987751531,,0.9788614768155763,0.9449648854785722,1.0136996281824135,,conv_supervised,0.39629457404080487,
conv_supervised,C1,v1,transit,detection,pr_auc,features_linear,0.1900974567994557,0.1338606478935267,0.06036615536862939,0.056236808905929,0.011754998487403934,True,"unpaired: supervised seeds are init seeds, encoder seeds are pretraining seeds",2021,122,0.06036615536862939,selected_first_epoch,1.7651839882679368,1.5217838826991525,2.1012692678051854,ssl_exceeds_ceiling,conv_supervised,0.1338606478935267,
conv_supervised,C1,v1,transit,detection,pr_auc,mu_linear,0.1440876989733212,0.1338606478935267,0.06036615536862939,0.010227051079794491,0.017650906705177157,False,"unpaired: supervised seeds are init seeds, encoder seeds are pretraining seeds",2021,122,0.06036615536862939,selected_first_epoch,1.1391539791410892,0.8276221592037237,1.5693150858658722,ssl_exceeds_ceiling,conv_supervised,0.1338606478935267,
conv_supervised,C1,v1,transit,detection,pr_auc,fusion_linear,0.2175150425031955,0.1338606478935267,0.06036615536862939,0.08365439460966881,0.01713679918480252,True,"unpaired: supervised seeds are init seeds, encoder seeds are pretraining seeds",2021,122,0.06036615536862939,selected_first_epoch,2.1382403189100145,1.6971283535978112,2.7473248458979525,ssl_exceeds_ceiling,conv_supervised,0.1338606478935267,
mlp_raw,C2,v1,eb,detection,pr_auc,features_linear,0.7415706666682151,0.7186793494106732,0.09698169223156854,0.0228913172575419,0.006555583969284412,True,"unpaired: supervised seeds are init seeds, encoder seeds are pretraining seeds",2021,196,0.09698169223156854,,1.0368206587128044,1.0260018289096244,1.047870081578345,ssl_exceeds_ceiling,conv_supervised,0.7737295773285183,"conv_supervised reaches 0.774 on this task, so a ratio against mlp_raw understates the labelled ceiling"
mlp_raw,C2,v1,eb,detection,pr_auc,mu_linear,0.7711269583205486,0.7186793494106732,0.09698169223156854,0.05244760890987532,0.009903177053940755,True,"unpaired: supervised seeds are init seeds, encoder seeds are pretraining seeds",2021,196,0.09698169223156854,,1.0843619214327611,1.0612321135402967,1.1079847191707786,ssl_exceeds_ceiling,conv_supervised,0.7737295773285183,"conv_supervised reaches 0.774 on this task, so a ratio against mlp_raw understates the labelled ceiling"
mlp_raw,C2,v1,eb,detection,pr_auc,fusion_linear,0.7745653839650731,0.7186793494106732,0.09698169223156854,0.05588603455439989,0.007223061045442097,True,"unpaired: supervised seeds are init seeds, encoder seeds are pretraining seeds",2021,196,0.09698169223156854,,1.0898926253124028,1.073692905254371,1.1064376269882732,ssl_exceeds_ceiling,conv_supervised,0.7737295773285183,"conv_supervised reaches 0.774 on this task, so a ratio against mlp_raw understates the labelled ceiling"
mlp_raw,C2,menu,flare,detection,pr_auc,features_linear,0.4737575583947567,0.44362445732544137,0.08865558471857685,0.030133101069315327,0.008319531514568119,True,"unpaired: supervised seeds are init seeds, encoder seeds are pretraining seeds",3429,304,0.08865558471857685,,1.0848894181848119,1.0600447724377566,1.1109265993776845,ssl_exceeds_ceiling,conv_supervised,0.5331031459300339,"conv_supervised reaches 0.533 on this task, so a ratio against mlp_raw understates the labelled ceiling"
mlp_raw,C2,menu,flare,detection,pr_auc,mu_linear,0.452890606765458,0.44362445732544137,0.08865558471857685,0.009266149440016636,0.02095490245025069,False,"unpaired: supervised seeds are init seeds, encoder seeds are pretraining seeds",3429,304,0.08865558471857685,,1.0261041182906174,0.9496653539493878,1.106211920091244,ssl_exceeds_ceiling,conv_supervised,0.5331031459300339,"conv_supervised reaches 0.533 on this task, so a ratio against mlp_raw understates the labelled ceiling"
mlp_raw,C2,menu,flare,detection,pr_auc,fusion_linear,0.5243344657049961,0.44362445732544137,0.08865558471857685,0.08071000837955472,0.011416713432313447,True,"unpaired: supervised seeds are init seeds, encoder seeds are pretraining seeds",3429,304,0.08865558471857685,,1.227372072899876,1.1777434041584243,1.2793829026592576,ssl_exceeds_ceiling,conv_supervised,0.5331031459300339,"conv_supervised reaches 0.533 on this task, so a ratio against mlp_raw understates the labelled ceiling"
mlp_raw,C2,menu,ijspeert,detection,pr_auc,features_linear,0.5083851396314705,0.45388994205069566,0.04601682335477486,0.05449519758077481,0.004813945213307976,True,"unpaired: supervised seeds are init seeds, encoder seeds are pretraining seeds",2021,93,0.04601682335477486,,1.1336082106979997,1.1203848065816628,1.1471474827917327,ssl_exceeds_ceiling,conv_supervised,0.455470651666174,"conv_supervised reaches 0.455 on this task, so a ratio against mlp_raw understates the labelled ceiling"
mlp_raw,C2,menu,ijspeert,detection,pr_auc,mu_linear,0.4398611486451704,0.45388994205069566,0.04601682335477486,-0.014028793405525264,0.01734992604218944,False,"unpaired: supervised seeds are init seeds, encoder seeds are pretraining seeds",2021,93,0.04601682335477486,,0.9656050061588294,0.9139506641056114,1.0184932175247097,,conv_supervised,0.455470651666174,"conv_supervised reaches 0.455 on this task, so a ratio against mlp_raw understates the labelled ceiling"
mlp_raw,C2,menu,ijspeert,detection,pr_auc,fusion_linear,0.4540511687986848,0.45388994205069566,0.04601682335477486,0.0001612267479891294,0.02930492447713469,False,"unpaired: supervised seeds are init seeds, encoder seeds are pretraining seeds",2021,93,0.04601682335477486,,1.0003952865256347,0.9186804085359375,1.0840620910394483,ssl_exceeds_ceiling,conv_supervised,0.455470651666174,"conv_supervised reaches 0.455 on this task, so a ratio against mlp_raw understates the labelled ceiling"
mlp_raw,C2,menu,numax_hon,regression,r2,features_linear,0.8308724422696793,0.8339670754964575,0.0,-0.003094633226778276,0.005488584424817607,False,"unpaired: supervised seeds are init seeds, encoder seeds are pretraining seeds",1313,-1,,,0.9962892621091354,0.9897752578707959,1.0028895755578913,,mlp_raw,0.8339670754964575,
mlp_raw,C2,menu,numax_hon,regression,r2,mu_linear,0.8018233391466348,0.8339670754964575,0.0,-0.032143736349822705,0.005894111887507139,True,"unpaired: supervised seeds are init seeds, encoder seeds are pretraining seeds",1313,-1,,,0.961456828099973,0.9526111865430493,0.9704196725800869,,mlp_raw,0.8339670754964575,
mlp_raw,C2,menu,numax_hon,regression,r2,fusion_linear,0.866635636655756,0.8339670754964575,0.0,0.032668561159298504,0.005906241392706793,True,"unpaired: supervised seeds are init seeds, encoder seeds are pretraining seeds",1313,-1,,,1.039172483086159,1.0297793382815648,1.0486900851188652,ssl_exceeds_ceiling,mlp_raw,0.8339670754964575,
mlp_raw,C2,menu,osc_giant,detection,pr_auc,features_linear,0.9204155602510234,0.8825248373039555,0.38291046952464275,0.03789072294706797,0.002706851404298523,True,"unpaired: supervised seeds are init seeds, encoder seeds are pretraining seeds",3429,1313,0.38291046952464275,,1.0758399385419695,1.0700425747491842,1.081700463393127,ssl_exceeds_ceiling,mlp_raw,0.8825248373039555,
mlp_raw,C2,menu,osc_giant,detection,pr_auc,mu_linear,0.8541125775905914,0.8825248373039555,0.38291046952464275,-0.02841225971336403,0.0046678261707345375,True,"unpaired: supervised seeds are init seeds, encoder seeds are pretraining seeds",3429,1313,0.38291046952464275,,0.9431316200139501,0.9304788547137063,0.9559222345291587,,mlp_raw,0.8825248373039555,
mlp_raw,C2,menu,osc_giant,detection,pr_auc,fusion_linear,0.9176304790524076,0.8825248373039555,0.38291046952464275,0.0351056417484521,0.0033172843127547416,True,"unpaired: supervised seeds are init seeds, encoder seeds are pretraining seeds",3429,1313,0.38291046952464275,,1.070265476760586,1.060680601246454,1.0799547774761507,ssl_exceeds_ceiling,mlp_raw,0.8825248373039555,
mlp_raw,C2,v1,pulsating,detection,pr_auc,features_linear,0.7885316083142139,0.7478796628055746,0.10687778327560614,0.040651945508639264,0.010239610664814974,True,"unpaired: supervised seeds are init seeds, encoder seeds are pretraining seeds",2021,216,0.10687778327560614,,1.0634193858190375,1.0466990130415803,1.0806826259043945,ssl_exceeds_ceiling,conv_supervised,0.8157120286340073,"conv_supervised reaches 0.816 on this task, so a ratio against mlp_raw understates the labelled ceiling"
mlp_raw,C2,v1,pulsating,detection,pr_auc,mu_linear,0.8055188364475331,0.7478796628055746,0.10687778327560614,0.057639173641958474,0.018056213056012498,True,"unpaired: supervised seeds are init seeds, encoder seeds are pretraining seeds",2021,216,0.10687778327560614,,1.089920444046473,1.0499469642520298,1.1311917594605048,ssl_exceeds_ceiling,conv_supervised,0.8157120286340073,"conv_supervised reaches 0.816 on this task, so a ratio against mlp_raw understates the labelled ceiling"
mlp_raw,C2,v1,pulsating,detection,pr_auc,fusion_linear,0.8456951260489749,0.7478796628055746,0.10687778327560614,0.09781546324340029,0.014693833755947152,True,"unpaired: supervised seeds are init seeds, encoder seeds are pretraining seeds",2021,216,0.10687778327560614,,1.1525977791439956,1.118293128530613,1.1880162131385739,ssl_exceeds_ceiling,conv_supervised,0.8157120286340073,"conv_supervised reaches 0.816 on this task, so a ratio against mlp_raw understates the labelled ceiling"
mlp_raw,C2,menu,rgb_vs_heb,contrastive,roc_auc,features_linear,0.758296460176991,0.7621374139626352,0.5,-0.0038409537856441966,0.0029703941042782977,True,"unpaired: supervised seeds are init seeds, encoder seeds are pretraining seeds",161,113,0.7018633540372671,small_n,0.9853475559723356,0.9743072528131523,0.9966409318522024,,mlp_raw,0.7621374139626352,
mlp_raw,C2,menu,rgb_vs_heb,contrastive,roc_auc,mu_linear,0.6601216814159292,0.7621374139626352,0.5,-0.10201573254670604,0.018461184824674928,True,"unpaired: supervised seeds are init seeds, encoder seeds are pretraining seeds",161,113,0.7018633540372671,small_n,0.610831086625249,0.5352578332882212,0.6881366772502243,,mlp_raw,0.7621374139626352,
mlp_raw,C2,menu,rgb_vs_heb,contrastive,roc_auc,fusion_linear,0.7078109636184857,0.7621374139626352,0.5,-0.05432645034414951,0.018788391886232846,True,"unpaired: supervised seeds are init seeds, encoder seeds are pretraining seeds",161,113,0.7018633540372671,small_n,0.7927558316727228,0.7138939611692119,0.8734254231997192,,mlp_raw,0.7621374139626352,
mlp_raw,C2,v1,rotation,detection,pr_auc,features_linear,0.5399058270366012,0.5260702601959064,0.08906481939633845,0.013835566840694757,0.017836641412185925,False,"unpaired: supervised seeds are init seeds, encoder seeds are pretraining seeds",2021,180,0.08906481939633845,,1.0316599418427845,0.9912033764509318,1.0755595557187696,ssl_exceeds_ceiling,conv_supervised,0.5649680766083629,"conv_supervised reaches 0.565 on this task, so a ratio against mlp_raw understates the labelled ceiling"
mlp_raw,C2,v1,rotation,detection,pr_auc,mu_linear,0.5593633779520487,0.5260702601959064,0.08906481939633845,0.0332931177561423,0.02085870086079327,True,"unpaired: supervised seeds are init seeds, encoder seeds are pretraining seeds",2021,180,0.08906481939633845,,1.0761846756306455,1.0102070892447286,1.1477772722526631,ssl_exceeds_ceiling,conv_supervised,0.5649680766083629,"conv_supervised reaches 0.565 on this task, so a ratio against mlp_raw understates the labelled ceiling"
mlp_raw,C2,v1,rotation,detection,pr_auc,fusion_linear,0.5554468278318923,0.5260702601959064,0.08906481939633845,0.02937656763598584,0.024162691664349954,True,"unpaired: supervised seeds are init seeds, encoder seeds are pretraining seeds",2021,180,0.08906481939633845,,1.067222429959309,0.9895346744789192,1.151521787441787,ssl_exceeds_ceiling,conv_supervised,0.5649680766083629,"conv_supervised reaches 0.565 on this task, so a ratio against mlp_raw understates the labelled ceiling"
mlp_raw,C2,menu,rotation_period,regression,r2,features_linear,0.7033665761576867,0.6976073415765559,0.0,0.005759234581130812,0.00986839462001532,False,"unpaired: supervised seeds are init seeds, encoder seeds are pretraining seeds",150,-1,,small_n,1.0082556966331737,0.9941918007520999,1.022723199362641,ssl_exceeds_ceiling,mlp_raw,0.6976073415765559,
mlp_raw,C2,menu,rotation_period,regression,r2,mu_linear,0.6766838807373331,0.6976073415765559,0.0,-0.020923460839222807,0.012692677388993009,True,"unpaired: supervised seeds are init seeds, encoder seeds are pretraining seeds",150,-1,,small_n,0.9700068224741774,0.9451935069047286,0.995532232628218,,mlp_raw,0.6976073415765559,
mlp_raw,C2,menu,rotation_period,regression,r2,fusion_linear,0.7166162488701885,0.6976073415765559,0.0,0.019008907293632582,0.014070079334522324,True,"unpaired: supervised seeds are init seeds, encoder seeds are pretraining seeds",150,-1,,small_n,1.0272487202480889,0.9987440684112108,1.05657140094338,ssl_exceeds_ceiling,mlp_raw,0.6976073415765559,
mlp_raw,C2,menu,solar_like_osc,detection,pr_auc,features_linear,0.3197474051325776,0.2747135678081742,0.1216097987751531,0.045033837324403414,0.005978940350449139,True,"unpaired: supervised seeds are init seeds, encoder seeds are pretraining seeds",3429,417,0.1216097987751531,,1.294139312237902,1.2455005771859975,1.3467312630481616,ssl_exceeds_ceiling,conv_supervised,0.39629457404080487,"conv_supervised reaches 0.396 on this task, so a ratio against mlp_raw understates the labelled ceiling"
mlp_raw,C2,menu,solar_like_osc,detection,pr_auc,mu_linear,0.3356902726978959,0.2747135678081742,0.1216097987751531,0.06097670488972173,0.009792759840274055,True,"unpaired: supervised seeds are init seeds, encoder seeds are pretraining seeds",3429,417,0.1216097987751531,,1.3982704362854086,1.2969656142700041,1.5078090213368236,ssl_exceeds_ceiling,conv_supervised,0.39629457404080487,"conv_supervised reaches 0.396 on this task, so a ratio against mlp_raw understates the labelled ceiling"
mlp_raw,C2,menu,solar_like_osc,detection,pr_auc,fusion_linear,0.3904881435504437,0.2747135678081742,0.1216097987751531,0.11577457574226951,0.00829880072288673,True,"unpaired: supervised seeds are init seeds, encoder seeds are pretraining seeds",3429,417,0.1216097987751531,,1.756183707778608,1.654002137845465,1.8666703002836194,ssl_exceeds_ceiling,conv_supervised,0.39629457404080487,"conv_supervised reaches 0.396 on this task, so a ratio against mlp_raw understates the labelled ceiling"
mlp_raw,C2,v1,transit,detection,pr_auc,features_linear,0.1900974567994557,0.10864924705697533,0.06036615536862939,0.08144820974248036,0.00439049713828442,True,"unpaired: supervised seeds are init seeds, encoder seeds are pretraining seeds",2021,122,0.06036615536862939,,2.686888865116719,2.462928847658803,2.955653516514313,ssl_exceeds_ceiling,conv_supervised,0.1338606478935267,"conv_supervised reaches 0.134 on this task, so a ratio against mlp_raw understates the labelled ceiling"
mlp_raw,C2,v1,transit,detection,pr_auc,mu_linear,0.1440876989733212,0.10864924705697533,0.06036615536862939,0.035438451916345856,0.013879876915782895,True,"unpaired: supervised seeds are init seeds, encoder seeds are pretraining seeds",2021,122,0.06036615536862939,,1.7339723012165689,1.3394638450560405,2.2074046973062478,ssl_exceeds_ceiling,conv_supervised,0.1338606478935267,"conv_supervised reaches 0.134 on this task, so a ratio against mlp_raw understates the labelled ceiling"
mlp_raw,C2,v1,transit,detection,pr_auc,fusion_linear,0.2175150425031955,0.10864924705697533,0.06036615536862939,0.10886579544622017,0.01321992291893804,True,"unpaired: supervised seeds are init seeds, encoder seeds are pretraining seeds",2021,122,0.06036615536862939,,3.2547395297078094,2.7467148441879514,3.8643978028894233,ssl_exceeds_ceiling,conv_supervised,0.1338606478935267,"conv_supervised reaches 0.134 on this task, so a ratio against mlp_raw understates the labelled ceiling"
