arm,roadmap_row,task,block,population,shape,metric,seed,score,val_metric,floor,n_train,n_val,n_test,n_test_pos,n_params,selected_epoch,epochs_ran,flags,minutes
conv_supervised,C1,eb,v1,v1,detection,pr_auc,0,0.7779763070254949,0.7604091906658104,0.09698169223156854,9428,2021,2021,196,741185,10,21,,0.99
conv_supervised,C1,eb,v1,v1,detection,pr_auc,1,0.7744890116926717,0.7549375794315469,0.09698169223156854,9428,2021,2021,196,741185,10,21,,0.98
conv_supervised,C1,eb,v1,v1,detection,pr_auc,2,0.7698469421161133,0.750585179612495,0.09698169223156854,9428,2021,2021,196,741185,7,18,,0.86
conv_supervised,C1,eb,v1,v1,detection,pr_auc,3,0.7734479229760634,0.7537493672917603,0.09698169223156854,9428,2021,2021,196,741185,8,19,,0.91
conv_supervised,C1,eb,v1,v1,detection,pr_auc,4,0.7785393363966193,0.7615083058336057,0.09698169223156854,9428,2021,2021,196,741185,9,20,,1.0
conv_supervised,C1,eb,v1,v1,detection,pr_auc,5,0.7680779437641477,0.7574890640452591,0.09698169223156854,9428,2021,2021,196,741185,8,19,,0.94
conv_supervised,C1,flare,menu,pool,detection,pr_auc,0,0.5332404017656945,0.4886590103671572,0.08865558471857685,16002,3429,3429,304,741185,17,28,,2.07
conv_supervised,C1,flare,menu,pool,detection,pr_auc,1,0.5295118922037962,0.49662754801486797,0.08865558471857685,16002,3429,3429,304,741185,13,24,,1.75
conv_supervised,C1,flare,menu,pool,detection,pr_auc,2,0.5217567930783507,0.489120360446194,0.08865558471857685,16002,3429,3429,304,741185,14,25,,1.83
conv_supervised,C1,flare,menu,pool,detection,pr_auc,3,0.5439939524069916,0.4983845103670484,0.08865558471857685,16002,3429,3429,304,741185,15,26,,2.13
conv_supervised,C1,flare,menu,pool,detection,pr_auc,4,0.5506869449076862,0.5220137183824303,0.08865558471857685,16002,3429,3429,304,741185,19,30,,2.51
conv_supervised,C1,flare,menu,pool,detection,pr_auc,5,0.5194288912176845,0.48868274804546297,0.08865558471857685,16002,3429,3429,304,741185,19,30,,2.48
conv_supervised,C1,ijspeert,menu,v1,detection,pr_auc,0,0.459227007878578,0.4410705638141056,0.04601682335477486,9428,2021,2021,93,741185,14,25,,1.2
conv_supervised,C1,ijspeert,menu,v1,detection,pr_auc,1,0.45407793210436287,0.42639202663141484,0.04601682335477486,9428,2021,2021,93,741185,9,20,,0.88
conv_supervised,C1,ijspeert,menu,v1,detection,pr_auc,2,0.45630763998019935,0.4333983479754818,0.04601682335477486,9428,2021,2021,93,741185,8,19,,0.84
conv_supervised,C1,ijspeert,menu,v1,detection,pr_auc,3,0.444789717286042,0.42744027268899876,0.04601682335477486,9428,2021,2021,93,741185,6,17,,0.82
conv_supervised,C1,ijspeert,menu,v1,detection,pr_auc,4,0.4651420757664567,0.43647954419334284,0.04601682335477486,9428,2021,2021,93,741185,11,22,,1.04
conv_supervised,C1,ijspeert,menu,v1,detection,pr_auc,5,0.4532795369814054,0.4325719719234086,0.04601682335477486,9428,2021,2021,93,741185,8,19,,1.15
conv_supervised,C1,numax_hon,menu,pool,regression,r2,0,0.8432231067285834,0.8308226928895864,0.0,6157,1319,1313,-1,741185,20,31,,0.89
conv_supervised,C1,numax_hon,menu,pool,regression,r2,1,0.8387347262915288,0.8254310050101952,0.0,6157,1319,1313,-1,741185,18,29,,0.81
conv_supervised,C1,numax_hon,menu,pool,regression,r2,2,0.8398540622219031,0.8295399366320727,0.0,6157,1319,1313,-1,741185,21,32,,0.89
conv_supervised,C1,numax_hon,menu,pool,regression,r2,3,0.8378786357747519,0.8280335382243657,0.0,6157,1319,1313,-1,741185,21,32,,0.99
conv_supervised,C1,numax_hon,menu,pool,regression,r2,4,0.8251369407765667,0.8197936878232177,0.0,6157,1319,1313,-1,741185,14,25,,0.77
conv_supervised,C1,numax_hon,menu,pool,regression,r2,5,0.8071177136234289,0.7967801006309062,0.0,6157,1319,1313,-1,741185,4,15,,0.46
conv_supervised,C1,osc_giant,menu,pool,detection,pr_auc,0,0.8674465884508948,0.8565961992392241,0.38291046952464275,16002,3429,3429,1313,741185,19,30,,2.36
conv_supervised,C1,osc_giant,menu,pool,detection,pr_auc,1,0.8795447240799271,0.851038075649758,0.38291046952464275,16002,3429,3429,1313,741185,11,22,,1.61
conv_supervised,C1,osc_giant,menu,pool,detection,pr_auc,2,0.8717177602469287,0.8521745177448377,0.38291046952464275,16002,3429,3429,1313,741185,19,30,,2.21
conv_supervised,C1,osc_giant,menu,pool,detection,pr_auc,3,0.8852151465041445,0.853630368643237,0.38291046952464275,16002,3429,3429,1313,741185,12,23,,1.81
conv_supervised,C1,osc_giant,menu,pool,detection,pr_auc,4,0.8803179941528683,0.8507688733777444,0.38291046952464275,16002,3429,3429,1313,741185,14,25,,1.95
conv_supervised,C1,osc_giant,menu,pool,detection,pr_auc,5,0.8658586753140752,0.8513540340614567,0.38291046952464275,16002,3429,3429,1313,741185,18,29,,2.29
conv_supervised,C1,pulsating,v1,v1,detection,pr_auc,0,0.8316303470169497,0.7638095478918346,0.10687778327560614,9428,2021,2021,216,741185,12,23,,1.05
conv_supervised,C1,pulsating,v1,v1,detection,pr_auc,1,0.8229753124854338,0.771932569058694,0.10687778327560614,9428,2021,2021,216,741185,2,13,,0.6
conv_supervised,C1,pulsating,v1,v1,detection,pr_auc,2,0.7937899948414368,0.7689268128399405,0.10687778327560614,9428,2021,2021,216,741185,0,11,selected_first_epoch,0.49
conv_supervised,C1,pulsating,v1,v1,detection,pr_auc,3,0.8169296909449008,0.7662774162785222,0.10687778327560614,9428,2021,2021,216,741185,5,16,,0.81
conv_supervised,C1,pulsating,v1,v1,detection,pr_auc,4,0.8141031999918119,0.7729958981207226,0.10687778327560614,9428,2021,2021,216,741185,13,24,,1.2
conv_supervised,C1,pulsating,v1,v1,detection,pr_auc,5,0.8148436265235109,0.7709913869924783,0.10687778327560614,9428,2021,2021,216,741185,14,25,,1.24
conv_supervised,C1,rgb_vs_heb,menu,pool,contrastive,roc_auc,0,0.5230457227138643,0.6781650713382698,0.5,755,162,161,113,741185,4,15,small_n,0.08
conv_supervised,C1,rgb_vs_heb,menu,pool,contrastive,roc_auc,1,0.5191740412979351,0.6830413581361748,0.5,755,162,161,113,741185,4,15,small_n,0.07
conv_supervised,C1,rgb_vs_heb,menu,pool,contrastive,roc_auc,2,0.5250737463126844,0.6893624706519776,0.5,755,162,161,113,741185,4,15,small_n,0.07
conv_supervised,C1,rgb_vs_heb,menu,pool,contrastive,roc_auc,3,0.5527286135693216,0.6787068809824816,0.5,755,162,161,113,741185,7,18,small_n,0.09
conv_supervised,C1,rgb_vs_heb,menu,pool,contrastive,roc_auc,4,0.5525442477876107,0.6942387574498827,0.5,755,162,161,113,741185,11,22,small_n,0.1
conv_supervised,C1,rgb_vs_heb,menu,pool,contrastive,roc_auc,5,0.5097713864306784,0.6772620552645837,0.5,755,162,161,113,741185,2,13,small_n,0.07
conv_supervised,C1,rotation,v1,v1,detection,pr_auc,0,0.5668301696793325,0.4991382291465923,0.08906481939633845,9428,2021,2021,180,741185,9,20,,0.9
conv_supervised,C1,rotation,v1,v1,detection,pr_auc,1,0.576537603404647,0.48821676582891377,0.08906481939633845,9428,2021,2021,180,741185,7,18,,0.79
conv_supervised,C1,rotation,v1,v1,detection,pr_auc,2,0.5689223278149615,0.5121347788486712,0.08906481939633845,9428,2021,2021,180,741185,8,19,,0.83
conv_supervised,C1,rotation,v1,v1,detection,pr_auc,3,0.55610350058441,0.49987174918542104,0.08906481939633845,9428,2021,2021,180,741185,16,27,,1.34
conv_supervised,C1,rotation,v1,v1,detection,pr_auc,4,0.5574453031057454,0.5024720482124451,0.08906481939633845,9428,2021,2021,180,741185,14,25,,1.24
conv_supervised,C1,rotation,v1,v1,detection,pr_auc,5,0.5639695550610809,0.5043102947065755,0.08906481939633845,9428,2021,2021,180,741185,10,21,,1.04
conv_supervised,C1,rotation_period,menu,v1,regression,r2,0,0.6072564104924656,0.5812208200406075,0.0,669,140,150,-1,741185,13,24,small_n,0.11
conv_supervised,C1,rotation_period,menu,v1,regression,r2,1,0.6220498301222539,0.5933222391806892,0.0,669,140,150,-1,741185,15,26,small_n,0.1
conv_supervised,C1,rotation_period,menu,v1,regression,r2,2,0.6457920574137589,0.5522955542998943,0.0,669,140,150,-1,741185,11,22,small_n,0.09
conv_supervised,C1,rotation_period,menu,v1,regression,r2,3,0.59052348166915,0.5676457162229114,0.0,669,140,150,-1,741185,16,27,small_n,0.13
conv_supervised,C1,rotation_period,menu,v1,regression,r2,4,0.6075510820011023,0.5979370671672275,0.0,669,140,150,-1,741185,17,28,small_n,0.12
conv_supervised,C1,rotation_period,menu,v1,regression,r2,5,0.5075911939897071,0.5624860236892152,0.0,669,140,150,-1,741185,4,15,small_n,0.07
conv_supervised,C1,solar_like_osc,menu,pool,detection,pr_auc,0,0.39484852887483624,0.3615036677066885,0.1216097987751531,16002,3429,3429,417,741185,10,21,,1.58
conv_supervised,C1,solar_like_osc,menu,pool,detection,pr_auc,1,0.3978194067906602,0.3733471407634423,0.1216097987751531,16002,3429,3429,417,741185,12,23,,1.76
conv_supervised,C1,solar_like_osc,menu,pool,detection,pr_auc,2,0.3925278101521006,0.3686616872967329,0.1216097987751531,16002,3429,3429,417,741185,7,18,,1.32
conv_supervised,C1,solar_like_osc,menu,pool,detection,pr_auc,3,0.3971125625766267,0.3554970456863016,0.1216097987751531,16002,3429,3429,417,741185,12,23,,1.93
conv_supervised,C1,solar_like_osc,menu,pool,detection,pr_auc,4,0.40416367307634476,0.3694711776063585,0.1216097987751531,16002,3429,3429,417,741185,12,23,,1.92
conv_supervised,C1,solar_like_osc,menu,pool,detection,pr_auc,5,0.3912954627742608,0.3656372924621608,0.1216097987751531,16002,3429,3429,417,741185,10,21,,1.76
conv_supervised,C1,transit,v1,v1,detection,pr_auc,0,0.13752874453694477,0.183230603138542,0.06036615536862939,9428,2021,2021,122,741185,10,21,,1.23
conv_supervised,C1,transit,v1,v1,detection,pr_auc,1,0.1502215026292063,0.16834102575492516,0.06036615536862939,9428,2021,2021,122,741185,3,14,,0.67
conv_supervised,C1,transit,v1,v1,detection,pr_auc,2,0.11121315252980132,0.1668402400916411,0.06036615536862939,9428,2021,2021,122,741185,1,12,,0.59
conv_supervised,C1,transit,v1,v1,detection,pr_auc,3,0.14640107610765704,0.1686643314235239,0.06036615536862939,9428,2021,2021,122,741185,9,20,,1.0
conv_supervised,C1,transit,v1,v1,detection,pr_auc,4,0.13313197117383885,0.20083122910385065,0.06036615536862939,9428,2021,2021,122,741185,4,15,,0.77
conv_supervised,C1,transit,v1,v1,detection,pr_auc,5,0.1246674403837118,0.16782082113268393,0.06036615536862939,9428,2021,2021,122,741185,0,11,selected_first_epoch,0.56
mlp_raw,C2,eb,v1,v1,detection,pr_auc,0,0.7165285583682519,0.7243385734255191,0.09698169223156854,9428,2021,2021,196,164609,26,37,,0.72
mlp_raw,C2,eb,v1,v1,detection,pr_auc,1,0.7307161937587354,0.7092302603735213,0.09698169223156854,9428,2021,2021,196,164609,14,25,,0.49
mlp_raw,C2,eb,v1,v1,detection,pr_auc,2,0.7115762896465446,0.7202180310667093,0.09698169223156854,9428,2021,2021,196,164609,13,24,,0.47
mlp_raw,C2,eb,v1,v1,detection,pr_auc,3,0.7211837754878472,0.725675529240872,0.09698169223156854,9428,2021,2021,196,164609,31,42,,0.91
mlp_raw,C2,eb,v1,v1,detection,pr_auc,4,0.7088906387696629,0.7192683502463483,0.09698169223156854,9428,2021,2021,196,164609,17,28,,0.6
mlp_raw,C2,eb,v1,v1,detection,pr_auc,5,0.7231806404329981,0.7191282389424807,0.09698169223156854,9428,2021,2021,196,164609,18,29,,0.63
mlp_raw,C2,flare,menu,pool,detection,pr_auc,0,0.4548698954606661,0.4127438858176028,0.08865558471857685,16002,3429,3429,304,164609,12,23,,0.76
mlp_raw,C2,flare,menu,pool,detection,pr_auc,1,0.4577053253067537,0.41349915575610363,0.08865558471857685,16002,3429,3429,304,164609,18,29,,0.95
mlp_raw,C2,flare,menu,pool,detection,pr_auc,2,0.43796457666399524,0.416322184718848,0.08865558471857685,16002,3429,3429,304,164609,12,23,,0.75
mlp_raw,C2,flare,menu,pool,detection,pr_auc,3,0.4417562932658724,0.41367844907208196,0.08865558471857685,16002,3429,3429,304,164609,14,25,,0.81
mlp_raw,C2,flare,menu,pool,detection,pr_auc,4,0.43424289927722054,0.41098418689210997,0.08865558471857685,16002,3429,3429,304,164609,15,26,,0.83
mlp_raw,C2,flare,menu,pool,detection,pr_auc,5,0.4352077539781406,0.4143839625208873,0.08865558471857685,16002,3429,3429,304,164609,8,19,,0.6
mlp_raw,C2,ijspeert,menu,v1,detection,pr_auc,0,0.45221495939104306,0.45484082154595074,0.04601682335477486,9428,2021,2021,93,164609,3,14,,0.28
mlp_raw,C2,ijspeert,menu,v1,detection,pr_auc,1,0.4544221465564974,0.4720603313260921,0.04601682335477486,9428,2021,2021,93,164609,4,15,,0.3
mlp_raw,C2,ijspeert,menu,v1,detection,pr_auc,2,0.4611650976542032,0.4669537698713448,0.04601682335477486,9428,2021,2021,93,164609,4,15,,0.3
mlp_raw,C2,ijspeert,menu,v1,detection,pr_auc,3,0.45992303004773105,0.47452667794400505,0.04601682335477486,9428,2021,2021,93,164609,5,16,,0.3
mlp_raw,C2,ijspeert,menu,v1,detection,pr_auc,4,0.4497296284708771,0.4616007880947143,0.04601682335477486,9428,2021,2021,93,164609,6,17,,0.33
mlp_raw,C2,ijspeert,menu,v1,detection,pr_auc,5,0.4458847901838223,0.4578825330618626,0.04601682335477486,9428,2021,2021,93,164609,5,16,,0.31
mlp_raw,C2,numax_hon,menu,pool,regression,r2,0,0.833459492922527,0.8090490063468998,0.0,6157,1319,1313,-1,164609,26,37,,0.45
mlp_raw,C2,numax_hon,menu,pool,regression,r2,1,0.8356953046195821,0.8102847767343582,0.0,6157,1319,1313,-1,164609,18,29,,0.36
mlp_raw,C2,numax_hon,menu,pool,regression,r2,2,0.8315400137004825,0.7946297088976015,0.0,6157,1319,1313,-1,164609,16,27,,0.34
mlp_raw,C2,numax_hon,menu,pool,regression,r2,3,0.8438491978080054,0.8102081479502701,0.0,6157,1319,1313,-1,164609,19,30,,0.36
mlp_raw,C2,numax_hon,menu,pool,regression,r2,4,0.8232453023388534,0.8020554015897992,0.0,6157,1319,1313,-1,164609,23,34,,0.41
mlp_raw,C2,numax_hon,menu,pool,regression,r2,5,0.8360131415892953,0.81288349230925,0.0,6157,1319,1313,-1,164609,21,32,,0.39
mlp_raw,C2,osc_giant,menu,pool,detection,pr_auc,0,0.8863393724846999,0.8745947516756262,0.38291046952464275,16002,3429,3429,1313,164609,6,17,,0.55
mlp_raw,C2,osc_giant,menu,pool,detection,pr_auc,1,0.8815066922599955,0.8742505893478911,0.38291046952464275,16002,3429,3429,1313,164609,3,14,,0.46
mlp_raw,C2,osc_giant,menu,pool,detection,pr_auc,2,0.8863250166794533,0.8750807492439785,0.38291046952464275,16002,3429,3429,1313,164609,9,20,,0.65
mlp_raw,C2,osc_giant,menu,pool,detection,pr_auc,3,0.8814891894355176,0.8758863145070832,0.38291046952464275,16002,3429,3429,1313,164609,5,16,,0.51
mlp_raw,C2,osc_giant,menu,pool,detection,pr_auc,4,0.8817925075085568,0.8747505132558401,0.38291046952464275,16002,3429,3429,1313,164609,6,17,,0.53
mlp_raw,C2,osc_giant,menu,pool,detection,pr_auc,5,0.8776962454555092,0.8755888184360209,0.38291046952464275,16002,3429,3429,1313,164609,4,15,,0.48
mlp_raw,C2,pulsating,v1,v1,detection,pr_auc,0,0.7530037596756597,0.783463453763879,0.10687778327560614,9428,2021,2021,216,164609,3,14,,0.28
mlp_raw,C2,pulsating,v1,v1,detection,pr_auc,1,0.7504490845351436,0.7688458219746499,0.10687778327560614,9428,2021,2021,216,164609,2,13,,0.26
mlp_raw,C2,pulsating,v1,v1,detection,pr_auc,2,0.76600644156234,0.7681196668867484,0.10687778327560614,9428,2021,2021,216,164609,6,17,,0.33
mlp_raw,C2,pulsating,v1,v1,detection,pr_auc,3,0.7474863233926545,0.7716544386128392,0.10687778327560614,9428,2021,2021,216,164609,8,19,,0.42
mlp_raw,C2,pulsating,v1,v1,detection,pr_auc,4,0.7422905779615148,0.7823575690069373,0.10687778327560614,9428,2021,2021,216,164609,1,12,,0.27
mlp_raw,C2,pulsating,v1,v1,detection,pr_auc,5,0.728041789706135,0.7774336614280626,0.10687778327560614,9428,2021,2021,216,164609,1,12,,0.27
mlp_raw,C2,rgb_vs_heb,menu,pool,contrastive,roc_auc,0,0.756452802359882,0.7791222683763771,0.5,755,162,161,113,164609,7,18,small_n,0.04
mlp_raw,C2,rgb_vs_heb,menu,pool,contrastive,roc_auc,1,0.7660398230088497,0.7816507133826982,0.5,755,162,161,113,164609,8,19,small_n,0.04
mlp_raw,C2,rgb_vs_heb,menu,pool,contrastive,roc_auc,2,0.7599557522123893,0.7657576304858227,0.5,755,162,161,113,164609,10,21,small_n,0.04
mlp_raw,C2,rgb_vs_heb,menu,pool,contrastive,roc_auc,3,0.7621681415929203,0.7635903919089759,0.5,755,162,161,113,164609,8,19,small_n,0.04
mlp_raw,C2,rgb_vs_heb,menu,pool,contrastive,roc_auc,4,0.7623525073746313,0.7764132201553189,0.5,755,162,161,113,164609,8,19,small_n,0.04
mlp_raw,C2,rgb_vs_heb,menu,pool,contrastive,roc_auc,5,0.7658554572271385,0.7729817590753115,0.5,755,162,161,113,164609,8,19,small_n,0.04
mlp_raw,C2,rotation,v1,v1,detection,pr_auc,0,0.5287901617774184,0.43821037549820235,0.08906481939633845,9428,2021,2021,180,164609,4,15,,0.3
mlp_raw,C2,rotation,v1,v1,detection,pr_auc,1,0.5353624044000875,0.45303088245772827,0.08906481939633845,9428,2021,2021,180,164609,6,17,,0.33
mlp_raw,C2,rotation,v1,v1,detection,pr_auc,2,0.5393562875230916,0.43455292134704643,0.08906481939633845,9428,2021,2021,180,164609,3,14,,0.28
mlp_raw,C2,rotation,v1,v1,detection,pr_auc,3,0.4820680228997808,0.4528993352893557,0.08906481939633845,9428,2021,2021,180,164609,27,38,,0.83
mlp_raw,C2,rotation,v1,v1,detection,pr_auc,4,0.5369574692981047,0.4549455016622951,0.08906481939633845,9428,2021,2021,180,164609,7,18,,0.42
mlp_raw,C2,rotation,v1,v1,detection,pr_auc,5,0.5338872152769553,0.44044307985261744,0.08906481939633845,9428,2021,2021,180,164609,2,13,,0.31
mlp_raw,C2,rotation_period,menu,v1,regression,r2,0,0.7165089935205027,0.7018151736395764,0.0,669,140,150,-1,164609,36,47,small_n,0.08
mlp_raw,C2,rotation_period,menu,v1,regression,r2,1,0.6940077953485158,0.6907915730091327,0.0,669,140,150,-1,164609,33,44,small_n,0.08
mlp_raw,C2,rotation_period,menu,v1,regression,r2,2,0.6888240581997844,0.6763727535070925,0.0,669,140,150,-1,164609,29,40,small_n,0.07
mlp_raw,C2,rotation_period,menu,v1,regression,r2,3,0.6820596275007176,0.6752105682376135,0.0,669,140,150,-1,164609,35,46,small_n,0.07
mlp_raw,C2,rotation_period,menu,v1,regression,r2,4,0.7016109104012609,0.6755212631898024,0.0,669,140,150,-1,164609,36,47,small_n,0.07
mlp_raw,C2,rotation_period,menu,v1,regression,r2,5,0.7026326644885545,0.6950740887032958,0.0,669,140,150,-1,164609,26,37,small_n,0.06
mlp_raw,C2,solar_like_osc,menu,pool,detection,pr_auc,0,0.28539555570197334,0.29205026445168664,0.1216097987751531,16002,3429,3429,417,164609,5,16,,0.53
mlp_raw,C2,solar_like_osc,menu,pool,detection,pr_auc,1,0.27694459861913545,0.29373596401459595,0.1216097987751531,16002,3429,3429,417,164609,6,17,,0.55
mlp_raw,C2,solar_like_osc,menu,pool,detection,pr_auc,2,0.2718364872244464,0.2771748961691782,0.1216097987751531,16002,3429,3429,417,164609,7,18,,0.59
mlp_raw,C2,solar_like_osc,menu,pool,detection,pr_auc,3,0.2670276522259682,0.2846793346245232,0.1216097987751531,16002,3429,3429,417,164609,8,19,,0.6
mlp_raw,C2,solar_like_osc,menu,pool,detection,pr_auc,4,0.2672570997003583,0.28339130512644306,0.1216097987751531,16002,3429,3429,417,164609,5,16,,0.51
mlp_raw,C2,solar_like_osc,menu,pool,detection,pr_auc,5,0.27982001337716356,0.292029746532192,0.1216097987751531,16002,3429,3429,417,164609,6,17,,0.56
mlp_raw,C2,transit,v1,v1,detection,pr_auc,0,0.10088700702822477,0.08745871622202395,0.06036615536862939,9428,2021,2021,122,164609,3,14,,0.27
mlp_raw,C2,transit,v1,v1,detection,pr_auc,1,0.11298984924112178,0.09061596468624115,0.06036615536862939,9428,2021,2021,122,164609,4,15,,0.29
mlp_raw,C2,transit,v1,v1,detection,pr_auc,2,0.1101448308986428,0.09285330935663677,0.06036615536862939,9428,2021,2021,122,164609,4,15,,0.29
mlp_raw,C2,transit,v1,v1,detection,pr_auc,3,0.10797704568979322,0.09047153871394656,0.06036615536862939,9428,2021,2021,122,164609,4,15,,0.34
mlp_raw,C2,transit,v1,v1,detection,pr_auc,4,0.11539888846254767,0.08631265104095678,0.06036615536862939,9428,2021,2021,122,164609,3,14,,0.31
mlp_raw,C2,transit,v1,v1,detection,pr_auc,5,0.10449786102152184,0.10342398346230108,0.06036615536862939,9428,2021,2021,122,164609,3,14,,0.32
