arm,roadmap_row,block,task,shape,metric,n_seeds,score_mean,score_sd,score_2se,floor,n_train,n_test,n_test_pos,prevalence,median_selected_epoch,mean_minutes,flags
conv_supervised,C1,v1,eb,detection,pr_auc,6,0.7737295773285183,0.004215219645015061,0.003441712428014181,0.09698169223156854,9428,2021,196,0.09698169223156854,8.5,0.9466666666666667,
conv_supervised,C1,menu,flare,detection,pr_auc,6,0.5331031459300339,0.012299923249100194,0.010042845278563757,0.08865558471857685,16002,3429,304,0.08865558471857685,16.0,2.1283333333333334,
conv_supervised,C1,menu,ijspeert,detection,pr_auc,6,0.455470651666174,0.006770084432740207,0.005527750791924403,0.04601682335477486,9428,2021,93,0.04601682335477486,8.5,0.9883333333333333,
conv_supervised,C1,menu,numax_hon,regression,r2,6,0.831990864236127,0.013665932615651662,0.01115818725586828,0.0,6157,1313,-1,,19.0,0.8016666666666666,
conv_supervised,C1,menu,osc_giant,detection,pr_auc,6,0.8750168147914731,0.007806075086633048,0.006373633618700987,0.38291046952464275,16002,3429,1313,0.38291046952464275,16.0,2.0383333333333336,
conv_supervised,C1,v1,pulsating,detection,pr_auc,6,0.8157120286340073,0.012582121215268536,0.010273258953084966,0.10687778327560614,9428,2021,216,0.10687778327560614,8.5,0.8983333333333333,selected_first_epoch
conv_supervised,C1,menu,rgb_vs_heb,contrastive,roc_auc,6,0.5303896263520157,0.018016382920262523,0.014710315055079031,0.5,755,161,113,0.7018633540372671,4.0,0.08,small_n
conv_supervised,C1,v1,rotation,detection,pr_auc,6,0.5649680766083629,0.00760430559665097,0.00620888951999509,0.08906481939633845,9428,2021,180,0.08906481939633845,9.5,1.0233333333333334,
conv_supervised,C1,menu,rotation_period,regression,r2,6,0.5967940092814062,0.04745588147368966,0.03874756496817903,0.0,669,150,-1,,14.0,0.10333333333333335,small_n
conv_supervised,C1,menu,solar_like_osc,detection,pr_auc,6,0.39629457404080487,0.004608418602111962,0.0037627580321081483,0.1216097987751531,16002,3429,417,0.1216097987751531,11.0,1.7116666666666667,
conv_supervised,C1,v1,transit,detection,pr_auc,6,0.1338606478935267,0.014396874110663854,0.011754998487403934,0.06036615536862939,9428,2021,122,0.06036615536862939,3.5,0.8033333333333333,selected_first_epoch
mlp_raw,C2,v1,eb,detection,pr_auc,6,0.7186793494106732,0.008028917845357999,0.006555583969284412,0.09698169223156854,9428,2021,196,0.09698169223156854,17.5,0.6366666666666666,
mlp_raw,C2,menu,flare,detection,pr_auc,6,0.44362445732544137,0.010189303554848001,0.008319531514568119,0.08865558471857685,16002,3429,304,0.08865558471857685,13.0,0.7833333333333332,
mlp_raw,C2,menu,ijspeert,detection,pr_auc,6,0.45388994205069566,0.0058958547111590326,0.004813945213307976,0.04601682335477486,9428,2021,93,0.04601682335477486,4.5,0.3033333333333334,
mlp_raw,C2,menu,numax_hon,regression,r2,6,0.8339670754964575,0.006722115625495118,0.005488584424817607,0.0,6157,1313,-1,,20.0,0.385,
mlp_raw,C2,menu,osc_giant,detection,pr_auc,6,0.8825248373039555,0.003315202375033737,0.002706851404298523,0.38291046952464275,16002,3429,1313,0.38291046952464275,5.5,0.53,
mlp_raw,C2,v1,pulsating,detection,pr_auc,6,0.7478796628055746,0.012540910646778758,0.010239610664814974,0.10687778327560614,9428,2021,216,0.10687778327560614,2.5,0.305,
mlp_raw,C2,menu,rgb_vs_heb,contrastive,roc_auc,6,0.7621374139626352,0.0036379749452266578,0.0029703941042782977,0.5,755,161,113,0.7018633540372671,8.0,0.04,small_n
mlp_raw,C2,v1,rotation,detection,pr_auc,6,0.5260702601959064,0.02184533509242554,0.017836641412185925,0.08906481939633845,9428,2021,180,0.08906481939633845,5.0,0.4116666666666667,
mlp_raw,C2,menu,rotation_period,regression,r2,6,0.6976073415765559,0.01208626569973211,0.00986839462001532,0.0,669,150,-1,,34.0,0.07166666666666667,small_n
mlp_raw,C2,menu,solar_like_osc,detection,pr_auc,6,0.2747135678081742,0.007322676530568812,0.005978940350449139,0.1216097987751531,16002,3429,417,0.1216097987751531,6.0,0.5566666666666668,
mlp_raw,C2,v1,transit,detection,pr_auc,6,0.10864924705697533,0.005377238852973291,0.00439049713828442,0.06036615536862939,9428,2021,122,0.06036615536862939,3.5,0.3033333333333334,
