task,block,shape,seen_definition,n_test,n_test_pos,n_unseen,n_unseen_pos,n_seen,features_all,features_unseen,fusion_all,fusion_unseen,gain_all,gain_all_2se,gain_unseen,gain_unseen_2se,gain_unseen_ci_lo,gain_unseen_ci_hi,gain_unseen_frac_pos,untrained_gain_all,untrained_gain_unseen,beats_2se_all,beats_2se_unseen
pulsating,v1,detection,fit,2021,216,2021,216,0,0.7885316083142139,0.7885316083142139,0.8456951260489749,0.8456951260489749,0.05716351773476105,0.01053845927450599,0.05716351773476105,0.01053845927450599,0.011791638093214775,0.10519278552155718,0.991,0.015534065373687067,0.015534065373687067,True,True
pulsating,v1,detection,fit+val,2021,216,2021,216,0,0.7885316083142139,0.7885316083142139,0.8456951260489749,0.8456951260489749,0.05716351773476105,0.01053845927450599,0.05716351773476105,0.01053845927450599,0.008065883445666722,0.10510190834065691,0.987,0.015534065373687067,0.015534065373687067,True,True
eb,v1,detection,fit,2021,196,2021,196,0,0.7415706666682151,0.7415706666682151,0.7745653839650731,0.7745653839650731,0.032994717296858045,0.0030326440094156485,0.032994717296858045,0.0030326440094156485,0.004646533969550293,0.06102819199620645,0.989,-0.010154487430609316,-0.010154487430609316,True,True
eb,v1,detection,fit+val,2021,196,2021,196,0,0.7415706666682151,0.7415706666682151,0.7745653839650731,0.7745653839650731,0.032994717296858045,0.0030326440094156485,0.032994717296858045,0.0030326440094156485,0.005336918520783962,0.06271324944493177,0.99,-0.010154487430609316,-0.010154487430609316,True,True
rotation,v1,detection,fit,2021,180,2021,180,0,0.5399058270366012,0.5399058270366012,0.5554468278318923,0.5554468278318923,0.015541000795291119,0.01629999667483228,0.015541000795291119,0.01629999667483228,-0.02197159980559832,0.05304359804671214,0.778,-0.025686494287450068,-0.025686494287450068,False,False
rotation,v1,detection,fit+val,2021,180,2021,180,0,0.5399058270366012,0.5399058270366012,0.5554468278318923,0.5554468278318923,0.015541000795291119,0.01629999667483228,0.015541000795291119,0.01629999667483228,-0.024223202757492547,0.05548699864594975,0.773,-0.025686494287450068,-0.025686494287450068,False,False
transit,v1,detection,fit,2021,122,2021,122,0,0.19009745679945578,0.19009745679945578,0.21751504250319562,0.21751504250319562,0.027417585703739825,0.012469558807807934,0.027417585703739825,0.012469558807807934,-0.020775375143017978,0.06557763680694541,0.852,0.003904172258869687,0.003904172258869687,True,True
transit,v1,detection,fit+val,2021,122,2021,122,0,0.19009745679945578,0.19009745679945578,0.21751504250319562,0.21751504250319562,0.027417585703739825,0.012469558807807934,0.027417585703739825,0.012469558807807934,-0.023967273090377193,0.06524364994236391,0.834,0.003904172258869687,0.003904172258869687,True,True
osc_giant,pool,detection,fit,3429,1313,3215,1231,214,0.9204155602510234,0.9222419996371828,0.9176304790524076,0.921327563124431,-0.0027850811986159054,0.001917636745240375,-0.0009144365127516559,0.0019942054284686297,-0.008287502718610373,0.007203873139608935,0.381,-0.003150578324062847,-0.0007120337546323574,False,False
osc_giant,pool,detection,fit+val,3429,1313,3164,1218,265,0.9204155602510234,0.9214887058791608,0.9176304790524076,0.9205165301584226,-0.0027850811986159054,0.001917636745240375,-0.0009721757207382109,0.0020205079050236116,-0.008271896791109474,0.00662067743521578,0.391,-0.003150578324062847,-0.0006785985062066624,False,False
solar_like_osc,pool,detection,fit,3429,417,3215,387,214,0.31974740513257766,0.31921864398733724,0.3904881435504437,0.3877249374354424,0.07074073841786609,0.005755203360782079,0.06850629344810523,0.00617469323958227,0.04122244644651124,0.09399527699963638,1.0,-0.006826712546409486,-0.009463910867702818,True,True
solar_like_osc,pool,detection,fit+val,3429,417,3164,383,265,0.31974740513257766,0.3188023928670243,0.3904881435504437,0.3880427713130925,0.07074073841786609,0.005755203360782079,0.06924037844606826,0.006234990295326236,0.04015063573972098,0.09510887595672933,1.0,-0.006826712546409486,-0.009428585633948772,True,True
rgb_vs_heb,pool,contrastive,fit,161,113,150,106,11,0.758296460176991,0.7583619210977701,0.7078109636184857,0.7110134362492854,-0.05048549655850534,0.018552100380709795,-0.04734848484848483,0.020850482611320997,-0.09120653195488729,-0.0056295585653822495,0.013,-0.03779498525073732,-0.027444253859348122,False,False
rgb_vs_heb,pool,contrastive,fit+val,161,113,149,105,12,0.758296460176991,0.7564935064935066,0.7078109636184857,0.7085858585858587,-0.05048549655850534,0.018552100380709795,-0.047907647907647975,0.021003975289537798,-0.09256653790542031,-0.00724229133439668,0.008,-0.03779498525073732,-0.02575757575757598,False,False
numax_hon,pool,regression,fit,1313,-1,1231,-1,82,0.8308724422696793,0.8329706333603311,0.866635636655756,0.8670853961246419,0.035763194386076835,0.0021815426653111324,0.0341147627643108,0.0024773221989992916,0.026912642611701537,0.04140641130708229,1.0,-0.0014926031029699471,-0.0026101447753632545,True,True
numax_hon,pool,regression,fit+val,1313,-1,1218,-1,95,0.8308724422696793,0.8327922297172005,0.866635636655756,0.8671469375029283,0.035763194386076835,0.0021815426653111324,0.034354707785727835,0.002435431252091851,0.026196520752911543,0.042337672194362706,1.0,-0.0014926031029699471,-0.0021982233569625143,True,True
rotation_period,v1,regression,fit,150,-1,150,-1,0,0.7033665761576867,0.7033665761576867,0.7166162488701885,0.7166162488701885,0.013249672712501678,0.010029053799008404,0.013249672712501678,0.010029053799008404,-0.03697149607240719,0.06537448923311706,0.693,-0.05672314659664446,-0.05672314659664446,True,True
rotation_period,v1,regression,fit+val,150,-1,150,-1,0,0.7033665761576867,0.7033665761576867,0.7166162488701885,0.7166162488701885,0.013249672712501678,0.010029053799008404,0.013249672712501678,0.010029053799008404,-0.03730997085695567,0.06440534264847021,0.665,-0.05672314659664446,-0.05672314659664446,True,True
flare,pool,detection,fit,3429,304,3215,294,214,0.47375755839475675,0.4576154315537645,0.5243344657049961,0.5055244954569528,0.05057690731023936,0.007818359225161909,0.04790906390318824,0.009226825308632643,0.018331640264237798,0.07596702677272638,0.999,0.006048000331743741,0.00837549361534995,True,True
flare,pool,detection,fit+val,3429,304,3164,290,265,0.47375755839475675,0.46105490429267354,0.5243344657049961,0.5023712621720451,0.05057690731023936,0.007818359225161909,0.041316357879371574,0.009881310258142187,0.010448995547107267,0.06887241632959308,0.996,0.006048000331743741,0.007940192611925079,True,True
