task,gain_on,gain_off,drop,drop_2se,resolved
pulsating,0.05716351773476102,0.05065857485699565,0.006504942877765367,0.01934017818027852,False
eb,0.032994717296857996,0.012415889066528617,0.020578828230329384,0.011685957523652432,True
rotation,0.015541000795291082,-0.010667747178070367,0.026208747973361448,0.016343819773183284,True
transit,0.027417585703739863,0.0181843781233982,0.009233207580341666,0.020691691071642874,False
osc_giant,-0.002785081198615883,-0.0059172556724281,0.003132174473812217,0.0035479883769189416,False
solar_like_osc,0.07074073841786609,0.023516181685175847,0.047224556732690236,0.012316510502740399,True
rgb_vs_heb,-0.050485496558505254,-0.05199115044247768,0.0015056538839724315,0.029770808356922848,False
numax_hon,0.03576319438607679,0.0103209427195275,0.025442251666549284,0.00543186993812616,True
rotation_period,0.01324967271250165,-0.005379784759509484,0.018629457472011134,0.01780670174940266,True
flare,0.05057690731023936,0.032968676138969984,0.017608231171269365,0.013327989216765491,True
