cell,void,task,val_recon_min,val_recon_min_sd,pr_auc,pr_auc_sd,n_seeds,n_cells_all,n_cells_kept,rho_all,rho_kept,p_kept,loss_optimal_cell,probe_optimal_cell,cost_of_trusting_loss
exp07_hann0p3_fbwd,False,pulsating,0.8727831029229693,0.015118015048499193,0.807822024562991,0.01627462937789162,12,21,19,-0.3506493506493506,-0.5140350877192983,0.024356055554655854,exp09_aux_none,exp09_aux_dpss,0.031138739713683528
exp07_hann0p3_fbwd,False,eb,0.8727831029229693,0.015118015048499193,0.7741285643328336,0.01114558734221639,12,21,19,0.41038961038961036,0.3666666666666667,0.12256059977421564,exp09_aux_none,exp09_dpss_impulse_w0p025_fb0p01,0.011281965153888684
exp07_hann0p3_fbwd,False,transit,0.8727831029229693,0.015118015048499193,0.1458088875318548,0.012700144251762444,12,21,19,-0.3818181818181818,-0.4982456140350877,0.029921281030114755,exp09_aux_none,exp09_hann_w0p10,0.017251050693103925
exp09_aux_clip,False,pulsating,0.7899724635812971,0.0024089470368639206,0.7987014933910466,0.026619783739398106,6,21,19,-0.3506493506493506,-0.5140350877192983,0.024356055554655854,exp09_aux_none,exp09_aux_dpss,0.031138739713683528
exp09_aux_clip,False,eb,0.7899724635812971,0.0024089470368639206,0.78395685359183,0.009596345494794855,6,21,19,0.41038961038961036,0.3666666666666667,0.12256059977421564,exp09_aux_none,exp09_dpss_impulse_w0p025_fb0p01,0.011281965153888684
exp09_aux_clip,False,transit,0.7899724635812971,0.0024089470368639206,0.13058059931437807,0.009846190794447443,6,21,19,-0.3818181818181818,-0.4982456140350877,0.029921281030114755,exp09_aux_none,exp09_hann_w0p10,0.017251050693103925
exp09_aux_dpss,False,pulsating,0.9807903418938319,0.01879591006250077,0.8098156267317392,0.00633907613520245,6,21,19,-0.3506493506493506,-0.5140350877192983,0.024356055554655854,exp09_aux_none,exp09_aux_dpss,0.031138739713683528
exp09_aux_dpss,False,eb,0.9807903418938319,0.01879591006250077,0.7740808847335544,0.007477747448848135,6,21,19,0.41038961038961036,0.3666666666666667,0.12256059977421564,exp09_aux_none,exp09_dpss_impulse_w0p025_fb0p01,0.011281965153888684
exp09_aux_dpss,False,transit,0.9807903418938319,0.01879591006250077,0.14149737832498196,0.005639675466442677,6,21,19,-0.3818181818181818,-0.4982456140350877,0.029921281030114755,exp09_aux_none,exp09_hann_w0p10,0.017251050693103925
exp09_aux_dpss_impulse,False,pulsating,0.9874796284569635,0.018315909345324673,0.8019752133424741,0.024884801367858773,6,21,19,-0.3506493506493506,-0.5140350877192983,0.024356055554655854,exp09_aux_none,exp09_aux_dpss,0.031138739713683528
exp09_aux_dpss_impulse,False,eb,0.9874796284569635,0.018315909345324673,0.7729022011539182,0.012459818223455422,6,21,19,0.41038961038961036,0.3666666666666667,0.12256059977421564,exp09_aux_none,exp09_dpss_impulse_w0p025_fb0p01,0.011281965153888684
exp09_aux_dpss_impulse,False,transit,0.9874796284569635,0.018315909345324673,0.14624700373735713,0.01919483612212667,6,21,19,-0.3818181818181818,-0.4982456140350877,0.029921281030114755,exp09_aux_none,exp09_hann_w0p10,0.017251050693103925
exp09_aux_impulse_pen,False,pulsating,0.8858793116278117,0.01673035943439294,0.799792144794642,0.00958627190129805,6,21,19,-0.3506493506493506,-0.5140350877192983,0.024356055554655854,exp09_aux_none,exp09_aux_dpss,0.031138739713683528
exp09_aux_impulse_pen,False,eb,0.8858793116278117,0.01673035943439294,0.7738037055477599,0.00521142197644937,6,21,19,0.41038961038961036,0.3666666666666667,0.12256059977421564,exp09_aux_none,exp09_dpss_impulse_w0p025_fb0p01,0.011281965153888684
exp09_aux_impulse_pen,False,transit,0.8858793116278117,0.01673035943439294,0.14438586946166745,0.011585242411666101,6,21,19,-0.3818181818181818,-0.4982456140350877,0.029921281030114755,exp09_aux_none,exp09_hann_w0p10,0.017251050693103925
exp09_aux_none,False,pulsating,0.7664579699436823,0.0017651046286197149,0.7786768870180557,0.022428505100677426,6,21,19,-0.3506493506493506,-0.5140350877192983,0.024356055554655854,exp09_aux_none,exp09_aux_dpss,0.031138739713683528
exp09_aux_none,False,eb,0.7664579699436823,0.0017651046286197149,0.7779002342790114,0.010715426291848752,6,21,19,0.41038961038961036,0.3666666666666667,0.12256059977421564,exp09_aux_none,exp09_dpss_impulse_w0p025_fb0p01,0.011281965153888684
exp09_aux_none,False,transit,0.7664579699436823,0.0017651046286197149,0.13673164592181855,0.01420079262133687,6,21,19,-0.3818181818181818,-0.4982456140350877,0.029921281030114755,exp09_aux_none,exp09_hann_w0p10,0.017251050693103925
exp09_clip_hinge_f3p23,False,pulsating,0.8512543463044695,0.020239913036752308,0.7871634784579099,0.02410857624918295,6,21,19,-0.3506493506493506,-0.5140350877192983,0.024356055554655854,exp09_aux_none,exp09_aux_dpss,0.031138739713683528
exp09_clip_hinge_f3p23,False,eb,0.8512543463044695,0.020239913036752308,0.7790194683247743,0.008761570079322954,6,21,19,0.41038961038961036,0.3666666666666667,0.12256059977421564,exp09_aux_none,exp09_dpss_impulse_w0p025_fb0p01,0.011281965153888684
exp09_clip_hinge_f3p23,False,transit,0.8512543463044695,0.020239913036752308,0.14155063338692758,0.011428842144275086,6,21,19,-0.3818181818181818,-0.4982456140350877,0.029921281030114755,exp09_aux_none,exp09_hann_w0p10,0.017251050693103925
exp09_clip_hinge_f5p23,False,pulsating,0.8610829095045726,0.012492566311915365,0.7917342563864711,0.024036577387177085,6,21,19,-0.3506493506493506,-0.5140350877192983,0.024356055554655854,exp09_aux_none,exp09_aux_dpss,0.031138739713683528
exp09_clip_hinge_f5p23,False,eb,0.8610829095045726,0.012492566311915365,0.7813482362501757,0.004780190484722251,6,21,19,0.41038961038961036,0.3666666666666667,0.12256059977421564,exp09_aux_none,exp09_dpss_impulse_w0p025_fb0p01,0.011281965153888684
exp09_clip_hinge_f5p23,False,transit,0.8610829095045726,0.012492566311915365,0.14320179550086273,0.0181648734563894,6,21,19,-0.3818181818181818,-0.4982456140350877,0.029921281030114755,exp09_aux_none,exp09_hann_w0p10,0.017251050693103925
exp09_clip_hinge_f7p54,False,pulsating,0.86464601026641,0.013694350438729816,0.7769226398828399,0.019491651490351536,6,21,19,-0.3506493506493506,-0.5140350877192983,0.024356055554655854,exp09_aux_none,exp09_aux_dpss,0.031138739713683528
exp09_clip_hinge_f7p54,False,eb,0.86464601026641,0.013694350438729816,0.7804114423101947,0.004266789279508549,6,21,19,0.41038961038961036,0.3666666666666667,0.12256059977421564,exp09_aux_none,exp09_dpss_impulse_w0p025_fb0p01,0.011281965153888684
exp09_clip_hinge_f7p54,False,transit,0.86464601026641,0.013694350438729816,0.1451134830216383,0.006476454301138667,6,21,19,-0.3818181818181818,-0.4982456140350877,0.029921281030114755,exp09_aux_none,exp09_hann_w0p10,0.017251050693103925
exp09_dpss_impulse_w0p0125,True,pulsating,0.8756904320584402,0.18547161177221758,0.75728703661122,0.04805197152266679,6,21,19,-0.3506493506493506,-0.5140350877192983,0.024356055554655854,exp09_aux_none,exp09_aux_dpss,0.031138739713683528
exp09_dpss_impulse_w0p0125,True,eb,0.8756904320584402,0.18547161177221758,0.724798309122512,0.13540868608778334,6,21,19,0.41038961038961036,0.3666666666666667,0.12256059977421564,exp09_aux_none,exp09_dpss_impulse_w0p025_fb0p01,0.011281965153888684
exp09_dpss_impulse_w0p0125,True,transit,0.8756904320584402,0.18547161177221758,0.13093267005619005,0.02260334107418691,6,21,19,-0.3818181818181818,-0.4982456140350877,0.029921281030114755,exp09_aux_none,exp09_hann_w0p10,0.017251050693103925
exp09_dpss_impulse_w0p02,True,pulsating,0.8845062305529913,0.18521253263646428,0.7678775366111261,0.07040317927341874,6,21,19,-0.3506493506493506,-0.5140350877192983,0.024356055554655854,exp09_aux_none,exp09_aux_dpss,0.031138739713683528
exp09_dpss_impulse_w0p02,True,eb,0.8845062305529913,0.18521253263646428,0.7425395048129566,0.10553421392167665,6,21,19,0.41038961038961036,0.3666666666666667,0.12256059977421564,exp09_aux_none,exp09_dpss_impulse_w0p025_fb0p01,0.011281965153888684
exp09_dpss_impulse_w0p02,True,transit,0.8845062305529913,0.18521253263646428,0.1393383778161883,0.02746500660943631,6,21,19,-0.3818181818181818,-0.4982456140350877,0.029921281030114755,exp09_aux_none,exp09_hann_w0p10,0.017251050693103925
exp09_dpss_impulse_w0p025,False,pulsating,0.8559736602836185,0.13013601273819686,0.7971311171431128,0.02121448892600576,12,21,19,-0.3506493506493506,-0.5140350877192983,0.024356055554655854,exp09_aux_none,exp09_aux_dpss,0.031138739713683528
exp09_dpss_impulse_w0p025,False,eb,0.8559736602836185,0.13013601273819686,0.7502866567365297,0.11353218703216537,12,21,19,0.41038961038961036,0.3666666666666667,0.12256059977421564,exp09_aux_none,exp09_dpss_impulse_w0p025_fb0p01,0.011281965153888684
exp09_dpss_impulse_w0p025,False,transit,0.8559736602836185,0.13013601273819686,0.14125556602758949,0.021642259649351504,12,21,19,-0.3818181818181818,-0.4982456140350877,0.029921281030114755,exp09_aux_none,exp09_hann_w0p10,0.017251050693103925
exp09_dpss_impulse_w0p025_fb0p01,False,pulsating,0.8330806132819916,0.02306566009478586,0.7914970209779368,0.02100951224273129,12,21,19,-0.3506493506493506,-0.5140350877192983,0.024356055554655854,exp09_aux_none,exp09_aux_dpss,0.031138739713683528
exp09_dpss_impulse_w0p025_fb0p01,False,eb,0.8330806132819916,0.02306566009478586,0.7891821994329001,0.006457486906772263,12,21,19,0.41038961038961036,0.3666666666666667,0.12256059977421564,exp09_aux_none,exp09_dpss_impulse_w0p025_fb0p01,0.011281965153888684
exp09_dpss_impulse_w0p025_fb0p01,False,transit,0.8330806132819916,0.02306566009478586,0.14038190091407887,0.006835209505624584,12,21,19,-0.3818181818181818,-0.4982456140350877,0.029921281030114755,exp09_aux_none,exp09_hann_w0p10,0.017251050693103925
exp09_dpss_impulse_w0p025_off,False,pulsating,0.8163741290569305,0.0011966886454133395,0.7021924004221339,0.020732777118565447,6,21,19,-0.3506493506493506,-0.5140350877192983,0.024356055554655854,exp09_aux_none,exp09_aux_dpss,0.031138739713683528
exp09_dpss_impulse_w0p025_off,False,eb,0.8163741290569305,0.0011966886454133395,0.7245479022726999,0.015379918888770166,6,21,19,0.41038961038961036,0.3666666666666667,0.12256059977421564,exp09_aux_none,exp09_dpss_impulse_w0p025_fb0p01,0.011281965153888684
exp09_dpss_impulse_w0p025_off,False,transit,0.8163741290569305,0.0011966886454133395,0.10367750589409756,0.01212313286133533,6,21,19,-0.3818181818181818,-0.4982456140350877,0.029921281030114755,exp09_aux_none,exp09_hann_w0p10,0.017251050693103925
exp09_dpss_impulse_w0p03,False,pulsating,0.8240371694167455,0.0018806596761613296,0.7908006352700037,0.020003550792766202,6,21,19,-0.3506493506493506,-0.5140350877192983,0.024356055554655854,exp09_aux_none,exp09_aux_dpss,0.031138739713683528
exp09_dpss_impulse_w0p03,False,eb,0.8240371694167455,0.0018806596761613296,0.7775012123149122,0.009992684701515679,6,21,19,0.41038961038961036,0.3666666666666667,0.12256059977421564,exp09_aux_none,exp09_dpss_impulse_w0p025_fb0p01,0.011281965153888684
exp09_dpss_impulse_w0p03,False,transit,0.8240371694167455,0.0018806596761613296,0.14447566943685855,0.01371941431588092,6,21,19,-0.3818181818181818,-0.4982456140350877,0.029921281030114755,exp09_aux_none,exp09_hann_w0p10,0.017251050693103925
exp09_dpss_impulse_w0p03_fb0p01,False,pulsating,0.8233094841241838,0.010674717039711606,0.8014619235175653,0.014643516127141263,6,21,19,-0.3506493506493506,-0.5140350877192983,0.024356055554655854,exp09_aux_none,exp09_aux_dpss,0.031138739713683528
exp09_dpss_impulse_w0p03_fb0p01,False,eb,0.8233094841241838,0.010674717039711606,0.7872885101646445,0.004556461064207237,6,21,19,0.41038961038961036,0.3666666666666667,0.12256059977421564,exp09_aux_none,exp09_dpss_impulse_w0p025_fb0p01,0.011281965153888684
exp09_dpss_impulse_w0p03_fb0p01,False,transit,0.8233094841241838,0.010674717039711606,0.15167216397902497,0.005163919480989862,6,21,19,-0.3818181818181818,-0.4982456140350877,0.029921281030114755,exp09_aux_none,exp09_hann_w0p10,0.017251050693103925
exp09_dpss_impulse_w0p05,False,pulsating,0.8485697888665729,0.004142857396875005,0.7961466598787147,0.017327165226170987,6,21,19,-0.3506493506493506,-0.5140350877192983,0.024356055554655854,exp09_aux_none,exp09_aux_dpss,0.031138739713683528
exp09_dpss_impulse_w0p05,False,eb,0.8485697888665729,0.004142857396875005,0.7806414970728137,0.010151669982833615,6,21,19,0.41038961038961036,0.3666666666666667,0.12256059977421564,exp09_aux_none,exp09_dpss_impulse_w0p025_fb0p01,0.011281965153888684
exp09_dpss_impulse_w0p05,False,transit,0.8485697888665729,0.004142857396875005,0.14723913775033917,0.014694871626978634,6,21,19,-0.3818181818181818,-0.4982456140350877,0.029921281030114755,exp09_aux_none,exp09_hann_w0p10,0.017251050693103925
exp09_dpss_impulse_w0p10,False,pulsating,0.8891890635093054,0.003121256044779544,0.8059266505472985,0.01990839259344284,6,21,19,-0.3506493506493506,-0.5140350877192983,0.024356055554655854,exp09_aux_none,exp09_aux_dpss,0.031138739713683528
exp09_dpss_impulse_w0p10,False,eb,0.8891890635093054,0.003121256044779544,0.7802108384280301,0.005566585209271005,6,21,19,0.41038961038961036,0.3666666666666667,0.12256059977421564,exp09_aux_none,exp09_dpss_impulse_w0p025_fb0p01,0.011281965153888684
exp09_dpss_impulse_w0p10,False,transit,0.8891890635093054,0.003121256044779544,0.14528825126102274,0.010854797081755315,6,21,19,-0.3818181818181818,-0.4982456140350877,0.029921281030114755,exp09_aux_none,exp09_hann_w0p10,0.017251050693103925
exp09_dpss_impulse_w0p20,False,pulsating,0.9468624187840357,0.009003974507529261,0.7963654910480277,0.0038076312277640074,6,21,19,-0.3506493506493506,-0.5140350877192983,0.024356055554655854,exp09_aux_none,exp09_aux_dpss,0.031138739713683528
exp09_dpss_impulse_w0p20,False,eb,0.9468624187840357,0.009003974507529261,0.7746040085480072,0.002735714343087421,6,21,19,0.41038961038961036,0.3666666666666667,0.12256059977421564,exp09_aux_none,exp09_dpss_impulse_w0p025_fb0p01,0.011281965153888684
exp09_dpss_impulse_w0p20,False,transit,0.9468624187840357,0.009003974507529261,0.15327234108140314,0.015577502162625266,6,21,19,-0.3818181818181818,-0.4982456140350877,0.029921281030114755,exp09_aux_none,exp09_hann_w0p10,0.017251050693103925
exp09_hann_w0p025,False,pulsating,0.797055561012692,0.0015419593700100273,0.7936210142061846,0.02506676919579879,6,21,19,-0.3506493506493506,-0.5140350877192983,0.024356055554655854,exp09_aux_none,exp09_aux_dpss,0.031138739713683528
exp09_hann_w0p025,False,eb,0.797055561012692,0.0015419593700100273,0.7789575427962824,0.004805692014297177,6,21,19,0.41038961038961036,0.3666666666666667,0.12256059977421564,exp09_aux_none,exp09_dpss_impulse_w0p025_fb0p01,0.011281965153888684
exp09_hann_w0p025,False,transit,0.797055561012692,0.0015419593700100273,0.1342471268063574,0.00857720998064027,6,21,19,-0.3818181818181818,-0.4982456140350877,0.029921281030114755,exp09_aux_none,exp09_hann_w0p10,0.017251050693103925
exp09_hann_w0p10,False,pulsating,0.8341360016001595,0.00067323591745028,0.8026599909909539,0.026120086860000474,6,21,19,-0.3506493506493506,-0.5140350877192983,0.024356055554655854,exp09_aux_none,exp09_aux_dpss,0.031138739713683528
exp09_hann_w0p10,False,eb,0.8341360016001595,0.00067323591745028,0.7750994092527724,0.006975299674348581,6,21,19,0.41038961038961036,0.3666666666666667,0.12256059977421564,exp09_aux_none,exp09_dpss_impulse_w0p025_fb0p01,0.011281965153888684
exp09_hann_w0p10,False,transit,0.8341360016001595,0.00067323591745028,0.15398269661492248,0.018622139319327935,6,21,19,-0.3818181818181818,-0.4982456140350877,0.029921281030114755,exp09_aux_none,exp09_hann_w0p10,0.017251050693103925
