cell,mode,task,val_recon_min,val_recon_min_sd,pr_auc,pr_auc_sd,n_seeds,rho_all_ten,rho_without_off,loss_optimal_cell,probe_optimal_cell,cost_of_trusting_loss
exp05_comb_off,off,pulsating,0.9376555899779001,0.003983192035485384,0.7879871031103337,0.024650390363031124,4,-0.8424242424242423,-0.8666666666666667,exp05_comb_off,exp05_comb_fwd_c1p0,0.020512359378342393
exp05_comb_off,off,eb,0.9376555899779001,0.003983192035485384,0.7441944143367047,0.008617436388006406,4,-0.6969696969696969,-0.5833333333333334,exp05_comb_off,exp05_comb_fbwd_c0p3,0.029030838128111358
exp05_comb_off,off,transit,0.9376555899779001,0.003983192035485384,0.12053231129575599,0.012317524608198117,4,-0.5757575757575757,-0.4666666666666666,exp05_comb_off,exp05_comb_fwd_c1p0,0.03508371885048871
exp05_comb_fwd_c0p1,fwd,pulsating,0.956340491771698,0.005867302488245813,0.7940878933347473,0.018173410148868138,4,-0.8424242424242423,-0.8666666666666667,exp05_comb_off,exp05_comb_fwd_c1p0,0.020512359378342393
exp05_comb_fwd_c0p1,fwd,eb,0.956340491771698,0.005867302488245813,0.7619523607525882,0.009119327377776999,4,-0.6969696969696969,-0.5833333333333334,exp05_comb_off,exp05_comb_fbwd_c0p3,0.029030838128111358
exp05_comb_fwd_c0p1,fwd,transit,0.956340491771698,0.005867302488245813,0.1284869321875505,0.005853001404750731,4,-0.5757575757575757,-0.4666666666666666,exp05_comb_off,exp05_comb_fwd_c1p0,0.03508371885048871
exp05_comb_fwd_c0p3,fwd,pulsating,0.9642744277914366,0.008925755052491791,0.7911214371903903,0.009659994497765353,4,-0.8424242424242423,-0.8666666666666667,exp05_comb_off,exp05_comb_fwd_c1p0,0.020512359378342393
exp05_comb_fwd_c0p3,fwd,eb,0.9642744277914366,0.008925755052491791,0.7648227690036835,0.01404897330961613,4,-0.6969696969696969,-0.5833333333333334,exp05_comb_off,exp05_comb_fbwd_c0p3,0.029030838128111358
exp05_comb_fwd_c0p3,fwd,transit,0.9642744277914366,0.008925755052491791,0.13745164218068562,0.009197453051462835,4,-0.5757575757575757,-0.4666666666666666,exp05_comb_off,exp05_comb_fwd_c1p0,0.03508371885048871
exp05_comb_fwd_c1p0,fwd,pulsating,0.9818321019411086,0.020201122217975234,0.8084994624886761,0.016437590445303615,4,-0.8424242424242423,-0.8666666666666667,exp05_comb_off,exp05_comb_fwd_c1p0,0.020512359378342393
exp05_comb_fwd_c1p0,fwd,eb,0.9818321019411086,0.020201122217975234,0.7681254075915874,0.010849028940097975,4,-0.6969696969696969,-0.5833333333333334,exp05_comb_off,exp05_comb_fbwd_c0p3,0.029030838128111358
exp05_comb_fwd_c1p0,fwd,transit,0.9818321019411086,0.020201122217975234,0.1556160301462447,0.0127072803631897,4,-0.5757575757575757,-0.4666666666666666,exp05_comb_off,exp05_comb_fwd_c1p0,0.03508371885048871
exp05_comb_fbwd_c0p1,fbwd,pulsating,0.9522604828079541,0.006502978057497076,0.7923529908880393,0.006979026504667213,4,-0.8424242424242423,-0.8666666666666667,exp05_comb_off,exp05_comb_fwd_c1p0,0.020512359378342393
exp05_comb_fbwd_c0p1,fbwd,eb,0.9522604828079541,0.006502978057497076,0.7624134613510807,0.0031965595099898263,4,-0.6969696969696969,-0.5833333333333334,exp05_comb_off,exp05_comb_fbwd_c0p3,0.029030838128111358
exp05_comb_fbwd_c0p1,fbwd,transit,0.9522604828079541,0.006502978057497076,0.12946647089838492,0.02375962884223025,4,-0.5757575757575757,-0.4666666666666666,exp05_comb_off,exp05_comb_fwd_c1p0,0.03508371885048871
exp05_comb_fbwd_c0p3,fbwd,pulsating,0.9725432102878888,0.020225205627795517,0.7982250957518635,0.018795473315616703,4,-0.8424242424242423,-0.8666666666666667,exp05_comb_off,exp05_comb_fwd_c1p0,0.020512359378342393
exp05_comb_fbwd_c0p3,fbwd,eb,0.9725432102878888,0.020225205627795517,0.7732252524648161,0.004918211994666373,4,-0.6969696969696969,-0.5833333333333334,exp05_comb_off,exp05_comb_fbwd_c0p3,0.029030838128111358
exp05_comb_fbwd_c0p3,fbwd,transit,0.9725432102878888,0.020225205627795517,0.1287282099429356,0.021134265245455586,4,-0.5757575757575757,-0.4666666666666666,exp05_comb_off,exp05_comb_fwd_c1p0,0.03508371885048871
exp05_comb_fbwd_c1p0,fbwd,pulsating,0.9969778125484785,0.026474548892144432,0.8045047941649625,0.012850717537447667,4,-0.8424242424242423,-0.8666666666666667,exp05_comb_off,exp05_comb_fwd_c1p0,0.020512359378342393
exp05_comb_fbwd_c1p0,fbwd,eb,0.9969778125484785,0.026474548892144432,0.7637435652314426,0.009798892059146618,4,-0.6969696969696969,-0.5833333333333334,exp05_comb_off,exp05_comb_fbwd_c0p3,0.029030838128111358
exp05_comb_fbwd_c1p0,fbwd,transit,0.9969778125484785,0.026474548892144432,0.14498769162274597,0.006146387770955125,4,-0.5757575757575757,-0.4666666666666666,exp05_comb_off,exp05_comb_fwd_c1p0,0.03508371885048871
exp05_comb_multi_c0p1,multi,pulsating,0.9496066311995188,0.01034679357480631,0.7853372473643079,0.011222910297241474,4,-0.8424242424242423,-0.8666666666666667,exp05_comb_off,exp05_comb_fwd_c1p0,0.020512359378342393
exp05_comb_multi_c0p1,multi,eb,0.9496066311995188,0.01034679357480631,0.7454897158298105,0.010850826718853629,4,-0.6969696969696969,-0.5833333333333334,exp05_comb_off,exp05_comb_fbwd_c0p3,0.029030838128111358
exp05_comb_multi_c0p1,multi,transit,0.9496066311995188,0.01034679357480631,0.11264867126127012,0.01326848967524712,4,-0.5757575757575757,-0.4666666666666666,exp05_comb_off,exp05_comb_fwd_c1p0,0.03508371885048871
exp05_comb_multi_c0p3,multi,pulsating,0.9453100875020026,0.010142555993103817,0.7880260051210972,0.011473126584123567,4,-0.8424242424242423,-0.8666666666666667,exp05_comb_off,exp05_comb_fwd_c1p0,0.020512359378342393
exp05_comb_multi_c0p3,multi,eb,0.9453100875020026,0.010142555993103817,0.7445246983237089,0.018512900623928387,4,-0.6969696969696969,-0.5833333333333334,exp05_comb_off,exp05_comb_fbwd_c0p3,0.029030838128111358
exp05_comb_multi_c0p3,multi,transit,0.9453100875020026,0.010142555993103817,0.13109355925769778,0.021000999741609936,4,-0.5757575757575757,-0.4666666666666666,exp05_comb_off,exp05_comb_fwd_c1p0,0.03508371885048871
exp05_comb_multi_c1p0,multi,pulsating,0.9483880137403806,0.010672108474657237,0.7874942169413695,0.01569088385944811,4,-0.8424242424242423,-0.8666666666666667,exp05_comb_off,exp05_comb_fwd_c1p0,0.020512359378342393
exp05_comb_multi_c1p0,multi,eb,0.9483880137403806,0.010672108474657237,0.7679137041276742,0.01271189628976339,4,-0.6969696969696969,-0.5833333333333334,exp05_comb_off,exp05_comb_fbwd_c0p3,0.029030838128111358
exp05_comb_multi_c1p0,multi,transit,0.9483880137403806,0.010672108474657237,0.13384454046579206,0.018237400219939078,4,-0.5757575757575757,-0.4666666666666666,exp05_comb_off,exp05_comb_fwd_c1p0,0.03508371885048871
