task,features,features_2se,metric,n_test,n_test_pos,mu,mu_2se,fusion,fusion_2se,untrained_fusion,untrained_fusion_2se,dynoff_fusion,dynoff_fusion_2se,c1,c1_2se,c2,c2_2se,xgb_features,xgb_features_2se,xgb_mu,xgb_mu_2se,xgb_fusion,xgb_fusion_2se,prevalence,d_features,d_features_2se,d_features_untrained,d_features_dynoff,d_features_dynoff_2se,d_c1,d_c1_2se,d_c2,d_c2_2se
pulsating,0.7885316083142139,0.0,pr_auc,2021,216,0.8055188364475331,0.0148720275469461,0.8456951260489749,0.0105384592745059,0.8040656736879009,0.0,0.8391901831712096,0.0117376841733246,0.8157120286340073,0.0102732589530849,0.7478796628055746,0.0102396106648149,0.844790597931668,0.0103498190345444,0.8207224318476044,0.018098428530411,0.833739105730935,0.0226291388807175,0.10687778327560614,0.05716351773476103,0.0105384592745059,0.015534065373687067,0.050658574856995764,0.0117376841733246,0.02998309741496763,0.014717301838229672,0.09781546324340029,0.014693833755947102
eb,0.7415706666682151,0.0,pr_auc,2021,196,0.7711269583205486,0.0074227511465332,0.7745653839650731,0.0030326440094156,0.7314161792376058,0.0,0.7539865557347438,0.0120741897086834,0.7737295773285183,0.0034417124280141,0.7186793494106732,0.0065555839692844,0.79751419852697,0.0062509795343679,0.7894156674756765,0.0091579080048362,0.8074744454662258,0.0046495104837036,0.09698169223156854,0.03299471729685799,0.0030326440094156,-0.010154487430609316,0.012415889066528685,0.0120741897086834,0.0008358066365548034,0.004587190221147477,0.05588603455439989,0.007223061045442088
rotation,0.3861919902857759,0.0,pr_auc,15944,2069,0.3732694018689401,0.0096908253745388,0.4412095852151072,0.0060127807676018,0.4151059475467854,0.0,0.4218304793894842,0.0030109972139463,0.4092721950059542,0.0050573572342555,0.4204771790481616,0.003685194041311,0.5182971073555196,0.0013279907116809,0.4359149656565395,0.0060281202060359,0.5153078693039989,0.0018989543965795,0.12976668339187156,0.05501759492933134,0.0060127807676018,0.028913957261009537,0.035638489103708315,0.0030109972139463,0.03193739020915304,0.007856869271797675,0.020732406166945605,0.007052246995203458
transit,0.1900974567994557,0.0,pr_auc,2021,122,0.1440876989733212,0.0131671757820726,0.2175150425031955,0.0124695588078079,0.1940016290583254,0.0,0.2082818349228539,0.0133556776447072,0.1338606478935267,0.0117549984874039,0.1086492470569753,0.0043904971382844,0.2168972556566869,0.0069004917881988,0.2232866014257664,0.0238238328088362,0.2281085788731348,0.017592839017179,0.06036615536862939,0.02741758570373981,0.0124695588078079,0.0039041722588697148,0.01818437812339821,0.0133556776447072,0.08365439460966881,0.017136799184802497,0.1088657954462202,0.013219922918938034
osc_giant,0.9204155602510234,0.0,pr_auc,3429,1313,0.8541125775905914,0.0038028353415894,0.9176304790524076,0.0019176367452403,0.9172649819269606,0.0,0.9144983045785952,0.002244353402294,0.8750168147914731,0.0063736336187009,0.8825248373039555,0.0027068514042985,0.9244172202319622,0.0034658546560624,0.8994789844727534,0.0040604946353044,0.9231263638835236,0.002073649633144,0.38291046952464275,-0.0027850811986158686,0.0019176367452403,-0.003150578324062847,-0.00591725567242829,0.002244353402294,0.04261366426093449,0.006655864796713508,0.0351056417484521,0.003317284312754723
solar_like_osc,0.3197474051325776,0.0,pr_auc,3429,417,0.3356902726978959,0.0077556700274738,0.3904881435504437,0.005755203360782,0.3129206925861681,0.0,0.3432635868177535,0.0112872188184656,0.3962945740408048,0.0037627580321081,0.2747135678081742,0.0059789403504491,0.4698872483871836,0.0052945196435347,0.4088583018930341,0.0084800226422513,0.4626488791439492,0.0057888724275086,0.1216097987751531,0.0707407384178661,0.005755203360782,-0.006826712546409486,0.023516181685175885,0.0112872188184656,-0.005806430490361114,0.006876097274773711,0.11577457574226951,0.0082988007228867
rgb_vs_heb,0.758296460176991,0.0,roc_auc,161,113,0.6601216814159292,0.0182206504822434,0.7078109636184857,0.0185521003807097,0.7205014749262537,0.0,0.7063053097345132,0.024410660752858,0.5303896263520157,0.014710315055079,0.7621374139626352,0.0029703941042782,0.7463280481809242,0.0192386034305965,0.7254332595870207,0.0105624860320084,0.7626290560471976,0.0095779162200103,0.7018633540372671,-0.050485496558505316,0.0185521003807097,-0.03779498525073732,-0.05199115044247782,0.024410660752858,0.17742133726647003,0.02367643971452661,-0.05432645034414951,0.01878839188623283
numax_hon,0.8308724422696793,0.0,r2,1313,-1,0.8018233391466348,0.0021484868987505,0.866635636655756,0.0021815426653111,0.8293798391667093,0.0,0.8411933849892068,0.0035319294321094,0.831990864236127,0.0111581872558682,0.8339670754964575,0.0054885844248176,0.9161642685369408,0.0017874543785844,0.8310921501968712,0.0052006980377511,0.9193879926882866,0.0011873024113779,,0.03576319438607678,0.0021815426653111,-0.0014926031029699471,0.010320942719527548,0.0035319294321094,0.034644772419629044,0.011369444631889113,0.032668561159298504,0.005906241392706787
rotation_period,0.718023840125656,0.0,r2,1318,-1,0.6355828366384889,0.0156963374238892,0.7522064480141872,0.0017664666209703,0.7154289599163774,0.0,0.7318102658206033,0.0033584619875503,0.697063662336958,0.0114883791748566,0.7727570356809931,0.0030392337674584,0.8288212127641369,0.0035560575379521,0.7290925898161101,0.0066446332477623,0.8246783563761287,0.0047070347771784,,0.034182607888531225,0.0017664666209703,-0.0025948802092785606,0.013786425694947257,0.0033584619875503,0.05514278567722919,0.011623392808826561,-0.020550587666805842,0.003515301724782897
flare,0.4737575583947567,0.0,pr_auc,3429,304,0.452890606765458,0.0192326111611926,0.5243344657049961,0.0078183592251619,0.4798055587265005,0.0,0.5067262345337268,0.0072434441495746,0.5331031459300339,0.0100428452785637,0.4436244573254413,0.0083195315145681,0.5619853597268175,0.0054818456779749,0.4849641614534174,0.0119853896848337,0.5645946169604518,0.010018966432405,0.08865558471857685,0.050576907310239394,0.0078183592251619,0.006048000331743797,0.03296867613897009,0.0072434441495746,-0.00876868022503785,0.01272735173800282,0.08071000837955478,0.011416713432313434
