block,task,shape,readout,readout_family,arm_set,family,metric,n_seeds,score_mean,score_sd,score_2se,n_test,n_test_pos,reportable
pool3,rotation,detection,mean,linear,features_only,features,pr_auc,1,0.3861919902857759,0.0,0.0,15944,2069,False
pool3,rotation_period,regression,mean,linear,features_only,features,r2,1,0.718023840125656,0.0,0.0,1318,-1,True
pool3,rotation,detection,mean,linear,mu,hann0p3_fbwd,pr_auc,6,0.37326940186894014,0.011868788677017895,0.00969082537453882,15944,2069,False
pool3,rotation_period,regression,mean,linear,mu,hann0p3_fbwd,r2,6,0.6355828366384889,0.01922400875954027,0.01569633742388929,1318,-1,True
pool3,rotation,detection,mean,linear,features_plus_mu,hann0p3_fbwd,pr_auc,6,0.4412095852151072,0.007364122407922407,0.006012780767601898,15944,2069,False
pool3,rotation_period,regression,mean,linear,features_plus_mu,hann0p3_fbwd,r2,6,0.7522064480141872,0.0021634709345178782,0.00176646662097036,1318,-1,True
pool3,rotation,detection,mean,linear,mu_perp_full,hann0p3_fbwd,pr_auc,6,0.24800880557559724,0.010087908468616489,0.008236742773337217,15944,2069,False
pool3,rotation_period,regression,mean,linear,mu_perp_full,hann0p3_fbwd,r2,6,0.08209376995962693,0.005464835144382697,0.004462019210722148,1318,-1,True
pool3,rotation,detection,mean_std,linear,features_only,features,pr_auc,1,0.3861919902857759,0.0,0.0,15944,2069,False
pool3,rotation_period,regression,mean_std,linear,features_only,features,r2,1,0.718023840125656,0.0,0.0,1318,-1,True
pool3,rotation,detection,mean_std,linear,mu,hann0p3_fbwd,pr_auc,6,0.4467646144663477,0.008386135746776399,0.006847251164438713,15944,2069,False
pool3,rotation_period,regression,mean_std,linear,mu,hann0p3_fbwd,r2,6,0.7945738389951708,0.003722684460607411,0.0030395591339587276,1318,-1,True
pool3,rotation,detection,mean_std,linear,features_plus_mu,hann0p3_fbwd,pr_auc,6,0.47321301145746286,0.005522354815015001,0.004508983825129514,15944,2069,False
pool3,rotation_period,regression,mean_std,linear,features_plus_mu,hann0p3_fbwd,r2,6,0.8065151614365456,0.0033928260416227975,0.0027702308626675652,1318,-1,True
pool3,rotation,detection,mean_std,linear,mu_perp_full,hann0p3_fbwd,pr_auc,6,0.2886160896009256,0.008321887608930559,0.006794792779556611,15944,2069,False
pool3,rotation_period,regression,mean_std,linear,mu_perp_full,hann0p3_fbwd,r2,6,0.134781027609772,0.009204869588491439,0.007515744546888865,1318,-1,True
pool3,rotation,detection,mean_perp_amp,linear,mu,hann0p3_fbwd,pr_auc,6,0.25730322324145277,0.014411833363698305,0.011767212666359796,15944,2069,False
pool3,rotation_period,regression,mean_perp_amp,linear,mu,hann0p3_fbwd,r2,6,0.5757120858893624,0.015211228637211822,0.012419916173993368,1318,-1,True
pool3_noflare,rotation,detection,mean,linear,features_only,features,pr_auc,1,0.355551365501373,0.0,0.0,15670,1861,False
pool3_noflare,rotation_period,regression,mean,linear,features_only,features,r2,1,0.7127438892594329,0.0,0.0,1174,-1,True
pool3_noflare,rotation,detection,mean,linear,mu,hann0p3_fbwd,pr_auc,6,0.35151785941683333,0.012801229213433098,0.01045215988444025,15670,1861,False
pool3_noflare,rotation_period,regression,mean,linear,mu,hann0p3_fbwd,r2,6,0.6282810847200331,0.018604451828627626,0.015190471308109039,1174,-1,True
pool3_noflare,rotation,detection,mean,linear,features_plus_mu,hann0p3_fbwd,pr_auc,6,0.4125880798137363,0.008428508913679966,0.006881848710338556,15670,1861,False
pool3_noflare,rotation_period,regression,mean,linear,features_plus_mu,hann0p3_fbwd,r2,6,0.7441436111935924,0.0024346737481437215,0.00198790279103384,1174,-1,True
pool3_strict,rotation,detection,mean,linear,features_only,features,pr_auc,1,0.3665381807119807,0.0,0.0,14182,1825,False
pool3_strict,rotation_period,regression,mean,linear,features_only,features,r2,1,0.7177147637396336,0.0,0.0,1145,-1,True
pool3_strict,rotation,detection,mean,linear,mu,hann0p3_fbwd,pr_auc,6,0.3719665807284504,0.010073985023298314,0.008225374327840191,14182,1825,False
pool3_strict,rotation_period,regression,mean,linear,mu,hann0p3_fbwd,r2,6,0.6362778462025153,0.017580158405503,0.014354139230261026,1145,-1,True
pool3_strict,rotation,detection,mean,linear,features_plus_mu,hann0p3_fbwd,pr_auc,6,0.42709625297306525,0.007491330242044155,0.006116645529229527,14182,1825,False
pool3_strict,rotation_period,regression,mean,linear,features_plus_mu,hann0p3_fbwd,r2,6,0.7483117721883238,0.0022915375452218544,0.0018710325707411587,1145,-1,True
pool3,rotation,detection,mean,linear,mu,hann0p3_off,pr_auc,6,0.34902786294629995,0.003496716555120506,0.0028550571117292698,15944,2069,False
pool3,rotation_period,regression,mean,linear,mu,hann0p3_off,r2,6,0.47326455710790466,0.026346436053494,0.021511774957308823,1318,-1,True
pool3,rotation,detection,mean,linear,features_plus_mu,hann0p3_off,pr_auc,6,0.4218304793894842,0.0036877033955551365,0.0030109972139463347,15944,2069,False
pool3,rotation_period,regression,mean,linear,features_plus_mu,hann0p3_off,r2,6,0.7318102658206033,0.0041132590950159476,0.003358461987550394,1318,-1,True
pool3,rotation,detection,mean,linear,mu_perp_full,hann0p3_off,pr_auc,6,0.20952605242226408,0.005987001632205116,0.004888366362704193,15944,2069,False
pool3,rotation_period,regression,mean,linear,mu_perp_full,hann0p3_off,r2,6,0.06184173200313834,0.008761399506872226,0.007153652741503038,1318,-1,True
pool3,rotation,detection,mean_std,linear,mu,hann0p3_off,pr_auc,6,0.3972924680761405,0.010401824398452131,0.008493054056746767,15944,2069,False
pool3,rotation_period,regression,mean_std,linear,mu,hann0p3_off,r2,6,0.7393094400273719,0.01098743443213711,0.008971202647007522,1318,-1,True
pool3,rotation,detection,mean_std,linear,features_plus_mu,hann0p3_off,pr_auc,6,0.4444110501765983,0.0048454805929609695,0.003956318337104282,15944,2069,False
pool3,rotation_period,regression,mean_std,linear,features_plus_mu,hann0p3_off,r2,6,0.776896809447576,0.006340713847996949,0.005177171177530595,1318,-1,True
pool3,rotation,detection,mean_std,linear,mu_perp_full,hann0p3_off,pr_auc,6,0.2416365791813143,0.004498140669640972,0.0036727164772938064,15944,2069,False
pool3,rotation_period,regression,mean_std,linear,mu_perp_full,hann0p3_off,r2,6,0.10397124055100876,0.012775004292401108,0.01043074732608253,1318,-1,True
pool3,rotation,detection,mean_perp_amp,linear,mu,hann0p3_off,pr_auc,6,0.2032326019924461,0.0041358109727725,0.003376875518632119,15944,2069,False
pool3,rotation_period,regression,mean_perp_amp,linear,mu,hann0p3_off,r2,6,0.44065789667720817,0.02364155999661928,0.019303252905037347,1318,-1,True
pool3_noflare,rotation,detection,mean,linear,mu,hann0p3_off,pr_auc,6,0.32342303124734595,0.004309427686702283,0.003518632971947694,15670,1861,False
pool3_noflare,rotation_period,regression,mean,linear,mu,hann0p3_off,r2,6,0.4690300959286023,0.025033359925811405,0.020439652788558166,1174,-1,True
pool3_noflare,rotation,detection,mean,linear,features_plus_mu,hann0p3_off,pr_auc,6,0.3934275386196741,0.0041051077319532985,0.0033518064274798407,15670,1861,False
pool3_noflare,rotation_period,regression,mean,linear,features_plus_mu,hann0p3_off,r2,6,0.7250207553705512,0.004162522607495504,0.0033986854770544418,1174,-1,True
pool3_strict,rotation,detection,mean,linear,mu,hann0p3_off,pr_auc,6,0.34211338172047867,0.003224830431303847,0.002633063021231275,14182,1825,False
pool3_strict,rotation_period,regression,mean,linear,mu,hann0p3_off,r2,6,0.47642380077141516,0.02446562777493298,0.01997610142848319,1145,-1,True
pool3_strict,rotation,detection,mean,linear,features_plus_mu,hann0p3_off,pr_auc,6,0.40896853225286073,0.004033943827964758,0.0032937013431877287,14182,1825,False
pool3_strict,rotation_period,regression,mean,linear,features_plus_mu,hann0p3_off,r2,6,0.7289707946884944,0.004330989023644397,0.003536237729841161,1145,-1,True
pool3,rotation,detection,mean,linear,mu,untrained,pr_auc,6,0.350504811709653,0.004111050750809286,0.003356658882056143,15944,2069,False
pool3,rotation_period,regression,mean,linear,mu,untrained,r2,6,0.3009650959928424,0.03294111241429933,0.026896305658231277,1318,-1,True
pool3,rotation,detection,mean,linear,features_plus_mu,untrained,pr_auc,6,0.4127364238217841,0.0037405480136887322,0.003054144663972847,15944,2069,False
pool3,rotation_period,regression,mean,linear,features_plus_mu,untrained,r2,6,0.7155364433842566,0.0032469926788291485,0.002651158420561358,1318,-1,True
pool3,rotation,detection,mean,linear,mu_perp_full,untrained,pr_auc,6,0.16624871032290223,0.011031476891688685,0.00900716316464703,15944,2069,False
pool3,rotation_period,regression,mean,linear,mu_perp_full,untrained,r2,6,0.023826691972845315,0.00590936935415835,0.004824979873109377,1318,-1,True
pool3,rotation,detection,mean_std,linear,mu,untrained,pr_auc,6,0.38752554851460413,0.0031754430699342177,0.002592738409531931,15944,2069,False
pool3,rotation_period,regression,mean_std,linear,mu,untrained,r2,6,0.7270757284459259,0.01220796909564789,0.009967765026667847,1318,-1,True
pool3,rotation,detection,mean_std,linear,features_plus_mu,untrained,pr_auc,6,0.4346621246978026,0.0036986621882047,0.003019945030675799,15944,2069,False
pool3,rotation_period,regression,mean_std,linear,features_plus_mu,untrained,r2,6,0.7656110014084127,0.005466771558884602,0.004463600286542213,1318,-1,True
pool3,rotation,detection,mean_std,linear,mu_perp_full,untrained,pr_auc,6,0.20210509771140348,0.009211870105796499,0.007521460445333172,15944,2069,False
pool3,rotation_period,regression,mean_std,linear,mu_perp_full,untrained,r2,6,0.07392721552033049,0.010009631610972741,0.00817282998670533,1318,-1,True
pool3,rotation,detection,mean_perp_amp,linear,mu,untrained,pr_auc,6,0.16419524680766984,0.00791355915940142,0.006461393996620549,15944,2069,False
pool3,rotation_period,regression,mean_perp_amp,linear,mu,untrained,r2,6,0.2863554016897372,0.031332042509535966,0.02558250558251829,1318,-1,True
pool3_noflare,rotation,detection,mean,linear,mu,untrained,pr_auc,6,0.32418691573782427,0.004188475914483537,0.003419876263473939,15670,1861,False
pool3_noflare,rotation_period,regression,mean,linear,mu,untrained,r2,6,0.30046145194625135,0.030357239857803836,0.024786582550299724,1174,-1,True
pool3_noflare,rotation,detection,mean,linear,features_plus_mu,untrained,pr_auc,6,0.38192266850696677,0.004554777283660846,0.0037189600789963562,15670,1861,False
pool3_noflare,rotation_period,regression,mean,linear,features_plus_mu,untrained,r2,6,0.7084325890655919,0.0029737449882536607,0.002428052615460075,1174,-1,True
pool3_strict,rotation,detection,mean,linear,mu,untrained,pr_auc,6,0.34084914633704155,0.006616297045691464,0.005402183916209296,14182,1825,False
pool3_strict,rotation_period,regression,mean,linear,mu,untrained,r2,6,0.30350716905594627,0.03115514459185131,0.025438069037555532,1145,-1,True
pool3_strict,rotation,detection,mean,linear,features_plus_mu,untrained,pr_auc,6,0.3989802099259183,0.005237163817250899,0.004276126350543758,14182,1825,False
pool3_strict,rotation_period,regression,mean,linear,features_plus_mu,untrained,r2,6,0.7137437159905424,0.002816059236124678,0.0022993027379857437,1145,-1,True
pool1,rotation,detection,mean,linear,features_only,features,pr_auc,1,0.5399058270366012,0.0,0.0,2021,180,False
pool1,rotation_period,regression,mean,linear,features_only,features,r2,1,0.7033665761576867,0.0,0.0,150,-1,True
pool1,rotation,detection,mean,linear,mu,hann0p3_fbwd,pr_auc,6,0.5593633779520487,0.013244222782018195,0.010813862618562953,2021,180,False
pool1,rotation_period,regression,mean,linear,mu,hann0p3_fbwd,r2,6,0.6766838807373331,0.009776413984026117,0.007982408591691333,150,-1,True
pool1,rotation,detection,mean,linear,features_plus_mu,hann0p3_fbwd,pr_auc,6,0.5554468278318923,0.01996333733120079,0.01629999667483228,2021,180,False
pool1,rotation_period,regression,mean,linear,features_plus_mu,hann0p3_fbwd,r2,6,0.7166162488701885,0.012283032205245877,0.010029053799008406,150,-1,True
pool1,rotation,detection,mean,linear,mu_perp_full,hann0p3_fbwd,pr_auc,6,0.2501301282096003,0.02660819472929159,0.021725500021125728,2021,180,False
pool1,rotation_period,regression,mean,linear,mu_perp_full,hann0p3_fbwd,r2,6,0.10483404159167947,0.011673064599114324,0.009531017334125324,150,-1,True
