block,arm,family,seed,readout,readout_family,arm_set,task,shape,pr_auc,n_train,n_test,n_test_pos,r2,rmse,spearman,mu_cache
pool3,features,features,0,mean,xgb,features_only,rotation,detection,0.5208840803349248,74398,15944,2069.0,,,,C:\git_repo\Stellar-World-Model\experiments\r8_fullpool\mu_cache
pool3,features,features,0,mean,xgb,features_only,rotation_period,regression,,6150,1318,,0.8261443620693888,0.5652531905114532,0.922205588429916,C:\git_repo\Stellar-World-Model\experiments\r8_fullpool\mu_cache
pool3,hann0p3_fbwd_s0,hann0p3_fbwd,0,mean,xgb,mu,rotation,detection,0.4315694410974931,74398,15944,2069.0,,,,C:\git_repo\Stellar-World-Model\experiments\r8_fullpool\mu_cache
pool3,hann0p3_fbwd_s0,hann0p3_fbwd,0,mean,xgb,mu,rotation_period,regression,,6150,1318,,0.726562960710544,0.7088874771420489,0.8862902729398329,C:\git_repo\Stellar-World-Model\experiments\r8_fullpool\mu_cache
pool3,hann0p3_fbwd_s0,hann0p3_fbwd,0,mean,xgb,features_plus_mu,rotation,detection,0.5137663285869105,74398,15944,2069.0,,,,C:\git_repo\Stellar-World-Model\experiments\r8_fullpool\mu_cache
pool3,hann0p3_fbwd_s0,hann0p3_fbwd,0,mean,xgb,features_plus_mu,rotation_period,regression,,6150,1318,,0.8167027657963619,0.5803989109258544,0.9206190121782442,C:\git_repo\Stellar-World-Model\experiments\r8_fullpool\mu_cache
pool3,features,features,1,mean,xgb,features_only,rotation,detection,0.5170871116599899,74398,15944,2069.0,,,,C:\git_repo\Stellar-World-Model\experiments\r8_fullpool\mu_cache
pool3,features,features,1,mean,xgb,features_only,rotation_period,regression,,6150,1318,,0.83254506453648,0.5547503807757591,0.9243026407426276,C:\git_repo\Stellar-World-Model\experiments\r8_fullpool\mu_cache
pool3,hann0p3_fbwd_s1,hann0p3_fbwd,1,mean,xgb,mu,rotation,detection,0.44859449099623105,74398,15944,2069.0,,,,C:\git_repo\Stellar-World-Model\experiments\r8_fullpool\mu_cache
pool3,hann0p3_fbwd_s1,hann0p3_fbwd,1,mean,xgb,mu,rotation_period,regression,,6150,1318,,0.741605443589193,0.6891127938765914,0.8883150745503731,C:\git_repo\Stellar-World-Model\experiments\r8_fullpool\mu_cache
pool3,hann0p3_fbwd_s1,hann0p3_fbwd,1,mean,xgb,features_plus_mu,rotation,detection,0.5179091767085957,74398,15944,2069.0,,,,C:\git_repo\Stellar-World-Model\experiments\r8_fullpool\mu_cache
pool3,hann0p3_fbwd_s1,hann0p3_fbwd,1,mean,xgb,features_plus_mu,rotation_period,regression,,6150,1318,,0.8321529071657181,0.5553995770238258,0.9266949146024127,C:\git_repo\Stellar-World-Model\experiments\r8_fullpool\mu_cache
pool3,features,features,2,mean,xgb,features_only,rotation,detection,0.516600676704967,74398,15944,2069.0,,,,C:\git_repo\Stellar-World-Model\experiments\r8_fullpool\mu_cache
pool3,features,features,2,mean,xgb,features_only,rotation_period,regression,,6150,1318,,0.831086837246016,0.5571605774185651,0.9264737900832567,C:\git_repo\Stellar-World-Model\experiments\r8_fullpool\mu_cache
pool3,hann0p3_fbwd_s2,hann0p3_fbwd,2,mean,xgb,mu,rotation,detection,0.43689031934054906,74398,15944,2069.0,,,,C:\git_repo\Stellar-World-Model\experiments\r8_fullpool\mu_cache
pool3,hann0p3_fbwd_s2,hann0p3_fbwd,2,mean,xgb,mu,rotation_period,regression,,6150,1318,,0.7211739412290394,0.715838929419081,0.8829648775002176,C:\git_repo\Stellar-World-Model\experiments\r8_fullpool\mu_cache
pool3,hann0p3_fbwd_s2,hann0p3_fbwd,2,mean,xgb,features_plus_mu,rotation,detection,0.5118619257250709,74398,15944,2069.0,,,,C:\git_repo\Stellar-World-Model\experiments\r8_fullpool\mu_cache
pool3,hann0p3_fbwd_s2,hann0p3_fbwd,2,mean,xgb,features_plus_mu,rotation_period,regression,,6150,1318,,0.8219082294427622,0.5720981701879022,0.9239063849338573,C:\git_repo\Stellar-World-Model\experiments\r8_fullpool\mu_cache
pool3,features,features,3,mean,xgb,features_only,rotation,detection,0.5185329581245867,74398,15944,2069.0,,,,C:\git_repo\Stellar-World-Model\experiments\r8_fullpool\mu_cache
pool3,features,features,3,mean,xgb,features_only,rotation_period,regression,,6150,1318,,0.831592405813292,0.5563261428479035,0.9243363774895851,C:\git_repo\Stellar-World-Model\experiments\r8_fullpool\mu_cache
pool3,hann0p3_fbwd_s3,hann0p3_fbwd,3,mean,xgb,mu,rotation,detection,0.43522031634973385,74398,15944,2069.0,,,,C:\git_repo\Stellar-World-Model\experiments\r8_fullpool\mu_cache
pool3,hann0p3_fbwd_s3,hann0p3_fbwd,3,mean,xgb,mu,rotation_period,regression,,6150,1318,,0.7366774631627895,0.6956529771708189,0.8855680646971293,C:\git_repo\Stellar-World-Model\experiments\r8_fullpool\mu_cache
pool3,hann0p3_fbwd_s3,hann0p3_fbwd,3,mean,xgb,features_plus_mu,rotation,detection,0.5167452337031044,74398,15944,2069.0,,,,C:\git_repo\Stellar-World-Model\experiments\r8_fullpool\mu_cache
pool3,hann0p3_fbwd_s3,hann0p3_fbwd,3,mean,xgb,features_plus_mu,rotation_period,regression,,6150,1318,,0.8293353925577325,0.5600417009508643,0.9267122986308058,C:\git_repo\Stellar-World-Model\experiments\r8_fullpool\mu_cache
pool3,features,features,4,mean,xgb,features_only,rotation,detection,0.5173061504630254,74398,15944,2069.0,,,,C:\git_repo\Stellar-World-Model\experiments\r8_fullpool\mu_cache
pool3,features,features,4,mean,xgb,features_only,rotation_period,regression,,6150,1318,,0.8211700737088274,0.5732825619837765,0.921272633358731,C:\git_repo\Stellar-World-Model\experiments\r8_fullpool\mu_cache
pool3,hann0p3_fbwd_s4,hann0p3_fbwd,4,mean,xgb,mu,rotation,detection,0.4263950140301964,74398,15944,2069.0,,,,C:\git_repo\Stellar-World-Model\experiments\r8_fullpool\mu_cache
pool3,hann0p3_fbwd_s4,hann0p3_fbwd,4,mean,xgb,mu,rotation_period,regression,,6150,1318,,0.7234396552054732,0.7129245774520998,0.8798590644365434,C:\git_repo\Stellar-World-Model\experiments\r8_fullpool\mu_cache
pool3,hann0p3_fbwd_s4,hann0p3_fbwd,4,mean,xgb,features_plus_mu,rotation,detection,0.5144572483110477,74398,15944,2069.0,,,,C:\git_repo\Stellar-World-Model\experiments\r8_fullpool\mu_cache
pool3,hann0p3_fbwd_s4,hann0p3_fbwd,4,mean,xgb,features_plus_mu,rotation_period,regression,,6150,1318,,0.8211244373716774,0.5733557064733669,0.9240505325479955,C:\git_repo\Stellar-World-Model\experiments\r8_fullpool\mu_cache
pool3,features,features,5,mean,xgb,features_only,rotation,detection,0.5193716668456234,74398,15944,2069.0,,,,C:\git_repo\Stellar-World-Model\experiments\r8_fullpool\mu_cache
pool3,features,features,5,mean,xgb,features_only,rotation_period,regression,,6150,1318,,0.8303885332108172,0.5583110685677732,0.924738749843448,C:\git_repo\Stellar-World-Model\experiments\r8_fullpool\mu_cache
pool3,hann0p3_fbwd_s5,hann0p3_fbwd,5,mean,xgb,mu,rotation,detection,0.4368202121250334,74398,15944,2069.0,,,,C:\git_repo\Stellar-World-Model\experiments\r8_fullpool\mu_cache
pool3,hann0p3_fbwd_s5,hann0p3_fbwd,5,mean,xgb,mu,rotation_period,regression,,6150,1318,,0.7250960749996211,0.7107863896534033,0.8824587321307594,C:\git_repo\Stellar-World-Model\experiments\r8_fullpool\mu_cache
pool3,hann0p3_fbwd_s5,hann0p3_fbwd,5,mean,xgb,features_plus_mu,rotation,detection,0.5171073027892646,74398,15944,2069.0,,,,C:\git_repo\Stellar-World-Model\experiments\r8_fullpool\mu_cache
pool3,hann0p3_fbwd_s5,hann0p3_fbwd,5,mean,xgb,features_plus_mu,rotation_period,regression,,6150,1318,,0.8268464059225203,0.5641107658125412,0.9240385824867198,C:\git_repo\Stellar-World-Model\experiments\r8_fullpool\mu_cache
pool3,hann0p3_off_s0,hann0p3_off,0,mean,xgb,mu,rotation,detection,0.40781695911699195,74398,15944,2069.0,,,,C:\git_repo\Stellar-World-Model\experiments\r8_fullpool\mu_cache
pool3,hann0p3_off_s0,hann0p3_off,0,mean,xgb,mu,rotation_period,regression,,6150,1318,,0.6004313881926546,0.8569279639561793,0.8319972162437091,C:\git_repo\Stellar-World-Model\experiments\r8_fullpool\mu_cache
pool3,hann0p3_off_s0,hann0p3_off,0,mean,xgb,features_plus_mu,rotation,detection,0.5126124521229208,74398,15944,2069.0,,,,C:\git_repo\Stellar-World-Model\experiments\r8_fullpool\mu_cache
pool3,hann0p3_off_s0,hann0p3_off,0,mean,xgb,features_plus_mu,rotation_period,regression,,6150,1318,,0.8088930799030443,0.592634376412467,0.914817113294377,C:\git_repo\Stellar-World-Model\experiments\r8_fullpool\mu_cache
pool3,hann0p3_off_s1,hann0p3_off,1,mean,xgb,mu,rotation,detection,0.40170743011663446,74398,15944,2069.0,,,,C:\git_repo\Stellar-World-Model\experiments\r8_fullpool\mu_cache
pool3,hann0p3_off_s1,hann0p3_off,1,mean,xgb,mu,rotation_period,regression,,6150,1318,,0.5208523999249299,0.938389828144324,0.7835179691833164,C:\git_repo\Stellar-World-Model\experiments\r8_fullpool\mu_cache
pool3,hann0p3_off_s1,hann0p3_off,1,mean,xgb,features_plus_mu,rotation,detection,0.5080995588835858,74398,15944,2069.0,,,,C:\git_repo\Stellar-World-Model\experiments\r8_fullpool\mu_cache
pool3,hann0p3_off_s1,hann0p3_off,1,mean,xgb,features_plus_mu,rotation_period,regression,,6150,1318,,0.8232585521326798,0.5699251695622625,0.9191907492405795,C:\git_repo\Stellar-World-Model\experiments\r8_fullpool\mu_cache
pool3,hann0p3_off_s2,hann0p3_off,2,mean,xgb,mu,rotation,detection,0.3986614082523297,74398,15944,2069.0,,,,C:\git_repo\Stellar-World-Model\experiments\r8_fullpool\mu_cache
pool3,hann0p3_off_s2,hann0p3_off,2,mean,xgb,mu,rotation_period,regression,,6150,1318,,0.5938931683438571,0.8639105559579731,0.822945631847914,C:\git_repo\Stellar-World-Model\experiments\r8_fullpool\mu_cache
pool3,hann0p3_off_s2,hann0p3_off,2,mean,xgb,features_plus_mu,rotation,detection,0.5087019954019221,74398,15944,2069.0,,,,C:\git_repo\Stellar-World-Model\experiments\r8_fullpool\mu_cache
pool3,hann0p3_off_s2,hann0p3_off,2,mean,xgb,features_plus_mu,rotation_period,regression,,6150,1318,,0.8116086961526724,0.5884086639742112,0.9185012831175207,C:\git_repo\Stellar-World-Model\experiments\r8_fullpool\mu_cache
pool3,hann0p3_off_s3,hann0p3_off,3,mean,xgb,mu,rotation,detection,0.4018992370351764,74398,15944,2069.0,,,,C:\git_repo\Stellar-World-Model\experiments\r8_fullpool\mu_cache
pool3,hann0p3_off_s3,hann0p3_off,3,mean,xgb,mu,rotation_period,regression,,6150,1318,,0.6080580321205071,0.8487103869237042,0.8338790206955715,C:\git_repo\Stellar-World-Model\experiments\r8_fullpool\mu_cache
pool3,hann0p3_off_s3,hann0p3_off,3,mean,xgb,features_plus_mu,rotation,detection,0.5102753883630693,74398,15944,2069.0,,,,C:\git_repo\Stellar-World-Model\experiments\r8_fullpool\mu_cache
pool3,hann0p3_off_s3,hann0p3_off,3,mean,xgb,features_plus_mu,rotation_period,regression,,6150,1318,,0.8165660377503186,0.5806153408575407,0.9177822039040195,C:\git_repo\Stellar-World-Model\experiments\r8_fullpool\mu_cache
pool3,hann0p3_off_s4,hann0p3_off,4,mean,xgb,mu,rotation,detection,0.40518168076474875,74398,15944,2069.0,,,,C:\git_repo\Stellar-World-Model\experiments\r8_fullpool\mu_cache
pool3,hann0p3_off_s4,hann0p3_off,4,mean,xgb,mu,rotation_period,regression,,6150,1318,,0.5422071259966544,0.9172403407363919,0.8009926381293734,C:\git_repo\Stellar-World-Model\experiments\r8_fullpool\mu_cache
pool3,hann0p3_off_s4,hann0p3_off,4,mean,xgb,features_plus_mu,rotation,detection,0.5058795005583151,74398,15944,2069.0,,,,C:\git_repo\Stellar-World-Model\experiments\r8_fullpool\mu_cache
pool3,hann0p3_off_s4,hann0p3_off,4,mean,xgb,features_plus_mu,rotation_period,regression,,6150,1318,,0.8143306213419358,0.5841424595344682,0.9177270527988558,C:\git_repo\Stellar-World-Model\experiments\r8_fullpool\mu_cache
pool3,hann0p3_off_s5,hann0p3_off,5,mean,xgb,mu,rotation,detection,0.4011065648917558,74398,15944,2069.0,,,,C:\git_repo\Stellar-World-Model\experiments\r8_fullpool\mu_cache
pool3,hann0p3_off_s5,hann0p3_off,5,mean,xgb,mu,rotation_period,regression,,6150,1318,,0.6067953595612202,0.8500763820139253,0.8243397899396486,C:\git_repo\Stellar-World-Model\experiments\r8_fullpool\mu_cache
pool3,hann0p3_off_s5,hann0p3_off,5,mean,xgb,features_plus_mu,rotation,detection,0.5089763263041682,74398,15944,2069.0,,,,C:\git_repo\Stellar-World-Model\experiments\r8_fullpool\mu_cache
pool3,hann0p3_off_s5,hann0p3_off,5,mean,xgb,features_plus_mu,rotation_period,regression,,6150,1318,,0.8211613040740982,0.57329661840357,0.9211426161679256,C:\git_repo\Stellar-World-Model\experiments\r8_fullpool\mu_cache
pool3,untrained_i0,untrained,0,mean,xgb,mu,rotation,detection,0.376097893143625,74398,15944,2069.0,,,,C:\git_repo\Stellar-World-Model\experiments\r8_fullpool\mu_cache
pool3,untrained_i0,untrained,0,mean,xgb,mu,rotation_period,regression,,6150,1318,,0.422055355974285,1.0306038359344225,0.7162321978826692,C:\git_repo\Stellar-World-Model\experiments\r8_fullpool\mu_cache
pool3,untrained_i0,untrained,0,mean,xgb,features_plus_mu,rotation,detection,0.5083067178073674,74398,15944,2069.0,,,,C:\git_repo\Stellar-World-Model\experiments\r8_fullpool\mu_cache
pool3,untrained_i0,untrained,0,mean,xgb,features_plus_mu,rotation_period,regression,,6150,1318,,0.8161337356804926,0.5812991114630539,0.91844147253671,C:\git_repo\Stellar-World-Model\experiments\r8_fullpool\mu_cache
pool3,untrained_i1,untrained,1,mean,xgb,mu,rotation,detection,0.36953399534010956,74398,15944,2069.0,,,,C:\git_repo\Stellar-World-Model\experiments\r8_fullpool\mu_cache
pool3,untrained_i1,untrained,1,mean,xgb,mu,rotation_period,regression,,6150,1318,,0.36306039628898046,1.081926503304216,0.6733528779468195,C:\git_repo\Stellar-World-Model\experiments\r8_fullpool\mu_cache
pool3,untrained_i1,untrained,1,mean,xgb,features_plus_mu,rotation,detection,0.5021266255058708,74398,15944,2069.0,,,,C:\git_repo\Stellar-World-Model\experiments\r8_fullpool\mu_cache
pool3,untrained_i1,untrained,1,mean,xgb,features_plus_mu,rotation_period,regression,,6150,1318,,0.8267478088394538,0.5642713508724391,0.9196797399826011,C:\git_repo\Stellar-World-Model\experiments\r8_fullpool\mu_cache
pool3,untrained_i2,untrained,2,mean,xgb,mu,rotation,detection,0.3650810083330511,74398,15944,2069.0,,,,C:\git_repo\Stellar-World-Model\experiments\r8_fullpool\mu_cache
pool3,untrained_i2,untrained,2,mean,xgb,mu,rotation_period,regression,,6150,1318,,0.378360438870601,1.0688529383573633,0.6855475957621279,C:\git_repo\Stellar-World-Model\experiments\r8_fullpool\mu_cache
pool3,untrained_i2,untrained,2,mean,xgb,features_plus_mu,rotation,detection,0.5095022918288888,74398,15944,2069.0,,,,C:\git_repo\Stellar-World-Model\experiments\r8_fullpool\mu_cache
pool3,untrained_i2,untrained,2,mean,xgb,features_plus_mu,rotation_period,regression,,6150,1318,,0.8141270563233532,0.584462594163855,0.9155967840356751,C:\git_repo\Stellar-World-Model\experiments\r8_fullpool\mu_cache
pool3,untrained_i3,untrained,3,mean,xgb,mu,rotation,detection,0.3718024462171999,74398,15944,2069.0,,,,C:\git_repo\Stellar-World-Model\experiments\r8_fullpool\mu_cache
pool3,untrained_i3,untrained,3,mean,xgb,mu,rotation_period,regression,,6150,1318,,0.4362250703219911,1.0178915583007713,0.7294243300905058,C:\git_repo\Stellar-World-Model\experiments\r8_fullpool\mu_cache
pool3,untrained_i3,untrained,3,mean,xgb,features_plus_mu,rotation,detection,0.5037126276392687,74398,15944,2069.0,,,,C:\git_repo\Stellar-World-Model\experiments\r8_fullpool\mu_cache
pool3,untrained_i3,untrained,3,mean,xgb,features_plus_mu,rotation_period,regression,,6150,1318,,0.8143324013063623,0.5841396595162383,0.9153327322321488,C:\git_repo\Stellar-World-Model\experiments\r8_fullpool\mu_cache
pool3,untrained_i4,untrained,4,mean,xgb,mu,rotation,detection,0.362955570433074,74398,15944,2069.0,,,,C:\git_repo\Stellar-World-Model\experiments\r8_fullpool\mu_cache
pool3,untrained_i4,untrained,4,mean,xgb,mu,rotation_period,regression,,6150,1318,,0.3985005533901117,1.051395826989599,0.696064042778872,C:\git_repo\Stellar-World-Model\experiments\r8_fullpool\mu_cache
pool3,untrained_i4,untrained,4,mean,xgb,features_plus_mu,rotation,detection,0.5019124237787075,74398,15944,2069.0,,,,C:\git_repo\Stellar-World-Model\experiments\r8_fullpool\mu_cache
pool3,untrained_i4,untrained,4,mean,xgb,features_plus_mu,rotation_period,regression,,6150,1318,,0.8056988919389882,0.5975665397936741,0.9139711406780183,C:\git_repo\Stellar-World-Model\experiments\r8_fullpool\mu_cache
pool3,untrained_i5,untrained,5,mean,xgb,mu,rotation,detection,0.3718211911801444,74398,15944,2069.0,,,,C:\git_repo\Stellar-World-Model\experiments\r8_fullpool\mu_cache
pool3,untrained_i5,untrained,5,mean,xgb,mu,rotation_period,regression,,6150,1318,,0.3925861442443067,1.0565522521756032,0.7024541048102119,C:\git_repo\Stellar-World-Model\experiments\r8_fullpool\mu_cache
pool3,untrained_i5,untrained,5,mean,xgb,features_plus_mu,rotation,detection,0.5078618100856003,74398,15944,2069.0,,,,C:\git_repo\Stellar-World-Model\experiments\r8_fullpool\mu_cache
pool3,untrained_i5,untrained,5,mean,xgb,features_plus_mu,rotation_period,regression,,6150,1318,,0.8233344775623629,0.5698027408333635,0.9239661902734128,C:\git_repo\Stellar-World-Model\experiments\r8_fullpool\mu_cache
