block,arm,family,seed,readout,readout_family,arm_set,task,shape,pr_auc,n_test,n_test_pos,pooling,roc_auc,r2,rmse,spearman,log_target,pool_cache,subset_cache
v1,features,features,0,mean,xgb,features_only,pulsating,detection,0.8550264845341082,2021,216.0,,,,,,,C:\git_repo\Stellar-World-Model\experiments\exp08_menu_channel\mu_cache,C:\git_repo\Stellar-World-Model\experiments\exp08_menu_channel\subset_mu_cache
v1,features,features,0,mean,xgb,features_only,eb,detection,0.7886735603087383,2021,196.0,,,,,,,C:\git_repo\Stellar-World-Model\experiments\exp08_menu_channel\mu_cache,C:\git_repo\Stellar-World-Model\experiments\exp08_menu_channel\subset_mu_cache
v1,features,features,0,mean,xgb,features_only,rotation,detection,0.5730468020241264,2021,180.0,,,,,,,C:\git_repo\Stellar-World-Model\experiments\exp08_menu_channel\mu_cache,C:\git_repo\Stellar-World-Model\experiments\exp08_menu_channel\subset_mu_cache
v1,features,features,0,mean,xgb,features_only,transit,detection,0.2189239689850552,2021,122.0,,,,,,,C:\git_repo\Stellar-World-Model\experiments\exp08_menu_channel\mu_cache,C:\git_repo\Stellar-World-Model\experiments\exp08_menu_channel\subset_mu_cache
v1,hann0p3_fbwd_s0,hann0p3_fbwd,0,mean,xgb,mu,pulsating,detection,0.8266435649503908,2021,216.0,,,,,,,C:\git_repo\Stellar-World-Model\experiments\exp08_menu_channel\mu_cache,C:\git_repo\Stellar-World-Model\experiments\exp08_menu_channel\subset_mu_cache
v1,hann0p3_fbwd_s0,hann0p3_fbwd,0,mean,xgb,mu,eb,detection,0.8014739144068572,2021,196.0,,,,,,,C:\git_repo\Stellar-World-Model\experiments\exp08_menu_channel\mu_cache,C:\git_repo\Stellar-World-Model\experiments\exp08_menu_channel\subset_mu_cache
v1,hann0p3_fbwd_s0,hann0p3_fbwd,0,mean,xgb,mu,rotation,detection,0.5415087761109857,2021,180.0,,,,,,,C:\git_repo\Stellar-World-Model\experiments\exp08_menu_channel\mu_cache,C:\git_repo\Stellar-World-Model\experiments\exp08_menu_channel\subset_mu_cache
v1,hann0p3_fbwd_s0,hann0p3_fbwd,0,mean,xgb,mu,transit,detection,0.2036038516586666,2021,122.0,,,,,,,C:\git_repo\Stellar-World-Model\experiments\exp08_menu_channel\mu_cache,C:\git_repo\Stellar-World-Model\experiments\exp08_menu_channel\subset_mu_cache
v1,hann0p3_fbwd_s0,hann0p3_fbwd,0,mean,xgb,features_plus_mu,pulsating,detection,0.8552895537604513,2021,216.0,,,,,,,C:\git_repo\Stellar-World-Model\experiments\exp08_menu_channel\mu_cache,C:\git_repo\Stellar-World-Model\experiments\exp08_menu_channel\subset_mu_cache
v1,hann0p3_fbwd_s0,hann0p3_fbwd,0,mean,xgb,features_plus_mu,eb,detection,0.8144305583905257,2021,196.0,,,,,,,C:\git_repo\Stellar-World-Model\experiments\exp08_menu_channel\mu_cache,C:\git_repo\Stellar-World-Model\experiments\exp08_menu_channel\subset_mu_cache
v1,hann0p3_fbwd_s0,hann0p3_fbwd,0,mean,xgb,features_plus_mu,rotation,detection,0.5844334438076006,2021,180.0,,,,,,,C:\git_repo\Stellar-World-Model\experiments\exp08_menu_channel\mu_cache,C:\git_repo\Stellar-World-Model\experiments\exp08_menu_channel\subset_mu_cache
v1,hann0p3_fbwd_s0,hann0p3_fbwd,0,mean,xgb,features_plus_mu,transit,detection,0.2116955278943044,2021,122.0,,,,,,,C:\git_repo\Stellar-World-Model\experiments\exp08_menu_channel\mu_cache,C:\git_repo\Stellar-World-Model\experiments\exp08_menu_channel\subset_mu_cache
menu,features,features,0,mean,xgb,features_only,osc_giant,detection,0.9279641149911868,3429,1313.0,mean,0.9650938628834528,,,,,C:\git_repo\Stellar-World-Model\experiments\exp08_menu_channel\mu_cache,C:\git_repo\Stellar-World-Model\experiments\exp08_menu_channel\subset_mu_cache
menu,features,features,0,mean,xgb,features_only,solar_like_osc,detection,0.4803600033258271,3429,417.0,mean,0.8591278371724931,,,,,C:\git_repo\Stellar-World-Model\experiments\exp08_menu_channel\mu_cache,C:\git_repo\Stellar-World-Model\experiments\exp08_menu_channel\subset_mu_cache
menu,features,features,0,mean,xgb,features_only,flare,detection,0.5554382375899597,3429,304.0,mean,0.9151284210526317,,,,,C:\git_repo\Stellar-World-Model\experiments\exp08_menu_channel\mu_cache,C:\git_repo\Stellar-World-Model\experiments\exp08_menu_channel\subset_mu_cache
menu,features,features,0,mean,xgb,features_only,rgb_vs_heb,contrastive,0.8664947413640147,161,113.0,mean,0.7625368731563421,,,,,C:\git_repo\Stellar-World-Model\experiments\exp08_menu_channel\mu_cache,C:\git_repo\Stellar-World-Model\experiments\exp08_menu_channel\subset_mu_cache
menu,features,features,0,mean,xgb,features_only,numax_hon,regression,,1313,,mean,,0.917388879836358,0.05967204516885118,0.9246478357907589,True,C:\git_repo\Stellar-World-Model\experiments\exp08_menu_channel\mu_cache,C:\git_repo\Stellar-World-Model\experiments\exp08_menu_channel\subset_mu_cache
menu,features,features,0,mean,xgb,features_only,numax_hatt,regression,,417,,mean,,0.9355717860418191,0.1090092442426738,0.9615206584709178,True,C:\git_repo\Stellar-World-Model\experiments\exp08_menu_channel\mu_cache,C:\git_repo\Stellar-World-Model\experiments\exp08_menu_channel\subset_mu_cache
menu,features,features,0,mean,xgb,features_only,dnu_hatt,regression,,417,,mean,,0.9316593422830042,0.08988407284404175,0.9606634054321614,True,C:\git_repo\Stellar-World-Model\experiments\exp08_menu_channel\mu_cache,C:\git_repo\Stellar-World-Model\experiments\exp08_menu_channel\subset_mu_cache
menu,features,features,0,mean,xgb,features_only,prot_kounkel,regression,,138,,mean,,0.4898542559971405,1.07882502041353,0.7666274342824497,False,C:\git_repo\Stellar-World-Model\experiments\exp08_menu_channel\mu_cache,C:\git_repo\Stellar-World-Model\experiments\exp08_menu_channel\subset_mu_cache
menu,features,features,0,mean,xgb,features_only,rotation_period,regression,,150,,mean,,0.7018266302218824,0.5938001215985212,0.8593537490555136,False,C:\git_repo\Stellar-World-Model\experiments\exp08_menu_channel\mu_cache,C:\git_repo\Stellar-World-Model\experiments\exp08_menu_channel\subset_mu_cache
menu,features,features,0,mean,xgb,features_only,ijspeert,detection,0.4978192018253525,2021,93.0,mean,0.9027099228126534,,,,,C:\git_repo\Stellar-World-Model\experiments\exp08_menu_channel\mu_cache,C:\git_repo\Stellar-World-Model\experiments\exp08_menu_channel\subset_mu_cache
menu,features,features,0,mean,xgb,features_only,ijspeert_excl_villanova,detection,0.35344241994782793,1825,19.0,mean,0.8041469953954654,,,,,C:\git_repo\Stellar-World-Model\experiments\exp08_menu_channel\mu_cache,C:\git_repo\Stellar-World-Model\experiments\exp08_menu_channel\subset_mu_cache
menu,hann0p3_fbwd_s0,hann0p3_fbwd,0,mean,xgb,mu,osc_giant,detection,0.898254248278483,3429,1313.0,mean,0.9497762667062112,,,,,C:\git_repo\Stellar-World-Model\experiments\exp08_menu_channel\mu_cache,C:\git_repo\Stellar-World-Model\experiments\exp08_menu_channel\subset_mu_cache
menu,hann0p3_fbwd_s0,hann0p3_fbwd,0,mean,xgb,mu,solar_like_osc,detection,0.40016266701521636,3429,417.0,mean,0.8379256753959382,,,,,C:\git_repo\Stellar-World-Model\experiments\exp08_menu_channel\mu_cache,C:\git_repo\Stellar-World-Model\experiments\exp08_menu_channel\subset_mu_cache
menu,hann0p3_fbwd_s0,hann0p3_fbwd,0,mean,xgb,mu,flare,detection,0.49011239242146076,3429,304.0,mean,0.8916852631578946,,,,,C:\git_repo\Stellar-World-Model\experiments\exp08_menu_channel\mu_cache,C:\git_repo\Stellar-World-Model\experiments\exp08_menu_channel\subset_mu_cache
menu,hann0p3_fbwd_s0,hann0p3_fbwd,0,mean,xgb,mu,rgb_vs_heb,contrastive,0.8335920855627128,161,113.0,mean,0.6998525073746313,,,,,C:\git_repo\Stellar-World-Model\experiments\exp08_menu_channel\mu_cache,C:\git_repo\Stellar-World-Model\experiments\exp08_menu_channel\subset_mu_cache
menu,hann0p3_fbwd_s0,hann0p3_fbwd,0,mean,xgb,mu,numax_hon,regression,,1313,,mean,,0.8361863486687946,0.08402851968139557,0.8599890668187838,True,C:\git_repo\Stellar-World-Model\experiments\exp08_menu_channel\mu_cache,C:\git_repo\Stellar-World-Model\experiments\exp08_menu_channel\subset_mu_cache
menu,hann0p3_fbwd_s0,hann0p3_fbwd,0,mean,xgb,mu,numax_hatt,regression,,417,,mean,,0.8180591161576413,0.18318522094228218,0.9164215737382685,True,C:\git_repo\Stellar-World-Model\experiments\exp08_menu_channel\mu_cache,C:\git_repo\Stellar-World-Model\experiments\exp08_menu_channel\subset_mu_cache
menu,hann0p3_fbwd_s0,hann0p3_fbwd,0,mean,xgb,mu,dnu_hatt,regression,,417,,mean,,0.8038677499725052,0.1522711652705064,0.9127629185617413,True,C:\git_repo\Stellar-World-Model\experiments\exp08_menu_channel\mu_cache,C:\git_repo\Stellar-World-Model\experiments\exp08_menu_channel\subset_mu_cache
menu,hann0p3_fbwd_s0,hann0p3_fbwd,0,mean,xgb,mu,prot_kounkel,regression,,138,,mean,,0.3721879395831794,1.1967920715676468,0.7392180388302682,False,C:\git_repo\Stellar-World-Model\experiments\exp08_menu_channel\mu_cache,C:\git_repo\Stellar-World-Model\experiments\exp08_menu_channel\subset_mu_cache
menu,hann0p3_fbwd_s0,hann0p3_fbwd,0,mean,xgb,mu,rotation_period,regression,,150,,mean,,0.6654674419553298,0.6289629322353472,0.8317009644873105,False,C:\git_repo\Stellar-World-Model\experiments\exp08_menu_channel\mu_cache,C:\git_repo\Stellar-World-Model\experiments\exp08_menu_channel\subset_mu_cache
menu,hann0p3_fbwd_s0,hann0p3_fbwd,0,mean,xgb,mu,ijspeert,detection,0.44778311718988634,2021,93.0,mean,0.9090371659304868,,,,,C:\git_repo\Stellar-World-Model\experiments\exp08_menu_channel\mu_cache,C:\git_repo\Stellar-World-Model\experiments\exp08_menu_channel\subset_mu_cache
menu,hann0p3_fbwd_s0,hann0p3_fbwd,0,mean,xgb,mu,ijspeert_excl_villanova,detection,0.4316558771106021,1825,19.0,mean,0.8423966893979135,,,,,C:\git_repo\Stellar-World-Model\experiments\exp08_menu_channel\mu_cache,C:\git_repo\Stellar-World-Model\experiments\exp08_menu_channel\subset_mu_cache
menu,hann0p3_fbwd_s0,hann0p3_fbwd,0,mean,xgb,features_plus_mu,osc_giant,detection,0.9206303757513205,3429,1313.0,mean,0.9638780149645035,,,,,C:\git_repo\Stellar-World-Model\experiments\exp08_menu_channel\mu_cache,C:\git_repo\Stellar-World-Model\experiments\exp08_menu_channel\subset_mu_cache
menu,hann0p3_fbwd_s0,hann0p3_fbwd,0,mean,xgb,features_plus_mu,solar_like_osc,detection,0.47160774183570464,3429,417.0,mean,0.8496557335804662,,,,,C:\git_repo\Stellar-World-Model\experiments\exp08_menu_channel\mu_cache,C:\git_repo\Stellar-World-Model\experiments\exp08_menu_channel\subset_mu_cache
menu,hann0p3_fbwd_s0,hann0p3_fbwd,0,mean,xgb,features_plus_mu,flare,detection,0.5521711409879327,3429,304.0,mean,0.9145842105263158,,,,,C:\git_repo\Stellar-World-Model\experiments\exp08_menu_channel\mu_cache,C:\git_repo\Stellar-World-Model\experiments\exp08_menu_channel\subset_mu_cache
menu,hann0p3_fbwd_s0,hann0p3_fbwd,0,mean,xgb,features_plus_mu,rgb_vs_heb,contrastive,0.8785738637081486,161,113.0,mean,0.7688053097345133,,,,,C:\git_repo\Stellar-World-Model\experiments\exp08_menu_channel\mu_cache,C:\git_repo\Stellar-World-Model\experiments\exp08_menu_channel\subset_mu_cache
menu,hann0p3_fbwd_s0,hann0p3_fbwd,0,mean,xgb,features_plus_mu,numax_hon,regression,,1313,,mean,,0.9195609076309385,0.05888236542599857,0.9260948728214533,True,C:\git_repo\Stellar-World-Model\experiments\exp08_menu_channel\mu_cache,C:\git_repo\Stellar-World-Model\experiments\exp08_menu_channel\subset_mu_cache
menu,hann0p3_fbwd_s0,hann0p3_fbwd,0,mean,xgb,features_plus_mu,numax_hatt,regression,,417,,mean,,0.9296541817979662,0.11390542931053195,0.9627004474560015,True,C:\git_repo\Stellar-World-Model\experiments\exp08_menu_channel\mu_cache,C:\git_repo\Stellar-World-Model\experiments\exp08_menu_channel\subset_mu_cache
menu,hann0p3_fbwd_s0,hann0p3_fbwd,0,mean,xgb,features_plus_mu,dnu_hatt,regression,,417,,mean,,0.925104127064102,0.0940962052619978,0.9580223148184297,True,C:\git_repo\Stellar-World-Model\experiments\exp08_menu_channel\mu_cache,C:\git_repo\Stellar-World-Model\experiments\exp08_menu_channel\subset_mu_cache
menu,hann0p3_fbwd_s0,hann0p3_fbwd,0,mean,xgb,features_plus_mu,prot_kounkel,regression,,138,,mean,,0.4625514820591874,1.1073178761825542,0.762229084555484,False,C:\git_repo\Stellar-World-Model\experiments\exp08_menu_channel\mu_cache,C:\git_repo\Stellar-World-Model\experiments\exp08_menu_channel\subset_mu_cache
menu,hann0p3_fbwd_s0,hann0p3_fbwd,0,mean,xgb,features_plus_mu,rotation_period,regression,,150,,mean,,0.7331984287033853,0.5616943390663781,0.8781812525001111,False,C:\git_repo\Stellar-World-Model\experiments\exp08_menu_channel\mu_cache,C:\git_repo\Stellar-World-Model\experiments\exp08_menu_channel\subset_mu_cache
menu,hann0p3_fbwd_s0,hann0p3_fbwd,0,mean,xgb,features_plus_mu,ijspeert,detection,0.5218338850989123,2021,93.0,mean,0.9220959933966895,,,,,C:\git_repo\Stellar-World-Model\experiments\exp08_menu_channel\mu_cache,C:\git_repo\Stellar-World-Model\experiments\exp08_menu_channel\subset_mu_cache
menu,hann0p3_fbwd_s0,hann0p3_fbwd,0,mean,xgb,features_plus_mu,ijspeert_excl_villanova,detection,0.4299717950228771,1825,19.0,mean,0.7805851838899575,,,,,C:\git_repo\Stellar-World-Model\experiments\exp08_menu_channel\mu_cache,C:\git_repo\Stellar-World-Model\experiments\exp08_menu_channel\subset_mu_cache
v1,features,features,1,mean,xgb,features_only,pulsating,detection,0.8346601224399207,2021,216.0,,,,,,,C:\git_repo\Stellar-World-Model\experiments\exp08_menu_channel\mu_cache,C:\git_repo\Stellar-World-Model\experiments\exp08_menu_channel\subset_mu_cache
v1,features,features,1,mean,xgb,features_only,eb,detection,0.8100049295398274,2021,196.0,,,,,,,C:\git_repo\Stellar-World-Model\experiments\exp08_menu_channel\mu_cache,C:\git_repo\Stellar-World-Model\experiments\exp08_menu_channel\subset_mu_cache
v1,features,features,1,mean,xgb,features_only,rotation,detection,0.5909717133350394,2021,180.0,,,,,,,C:\git_repo\Stellar-World-Model\experiments\exp08_menu_channel\mu_cache,C:\git_repo\Stellar-World-Model\experiments\exp08_menu_channel\subset_mu_cache
v1,features,features,1,mean,xgb,features_only,transit,detection,0.22758637185234804,2021,122.0,,,,,,,C:\git_repo\Stellar-World-Model\experiments\exp08_menu_channel\mu_cache,C:\git_repo\Stellar-World-Model\experiments\exp08_menu_channel\subset_mu_cache
v1,hann0p3_fbwd_s1,hann0p3_fbwd,1,mean,xgb,mu,pulsating,detection,0.8003996807893835,2021,216.0,,,,,,,C:\git_repo\Stellar-World-Model\experiments\exp08_menu_channel\mu_cache,C:\git_repo\Stellar-World-Model\experiments\exp08_menu_channel\subset_mu_cache
v1,hann0p3_fbwd_s1,hann0p3_fbwd,1,mean,xgb,mu,eb,detection,0.7989416906425794,2021,196.0,,,,,,,C:\git_repo\Stellar-World-Model\experiments\exp08_menu_channel\mu_cache,C:\git_repo\Stellar-World-Model\experiments\exp08_menu_channel\subset_mu_cache
v1,hann0p3_fbwd_s1,hann0p3_fbwd,1,mean,xgb,mu,rotation,detection,0.578643843604505,2021,180.0,,,,,,,C:\git_repo\Stellar-World-Model\experiments\exp08_menu_channel\mu_cache,C:\git_repo\Stellar-World-Model\experiments\exp08_menu_channel\subset_mu_cache
v1,hann0p3_fbwd_s1,hann0p3_fbwd,1,mean,xgb,mu,transit,detection,0.21819776160985527,2021,122.0,,,,,,,C:\git_repo\Stellar-World-Model\experiments\exp08_menu_channel\mu_cache,C:\git_repo\Stellar-World-Model\experiments\exp08_menu_channel\subset_mu_cache
v1,hann0p3_fbwd_s1,hann0p3_fbwd,1,mean,xgb,features_plus_mu,pulsating,detection,0.7991635504239805,2021,216.0,,,,,,,C:\git_repo\Stellar-World-Model\experiments\exp08_menu_channel\mu_cache,C:\git_repo\Stellar-World-Model\experiments\exp08_menu_channel\subset_mu_cache
v1,hann0p3_fbwd_s1,hann0p3_fbwd,1,mean,xgb,features_plus_mu,eb,detection,0.8131854185531182,2021,196.0,,,,,,,C:\git_repo\Stellar-World-Model\experiments\exp08_menu_channel\mu_cache,C:\git_repo\Stellar-World-Model\experiments\exp08_menu_channel\subset_mu_cache
v1,hann0p3_fbwd_s1,hann0p3_fbwd,1,mean,xgb,features_plus_mu,rotation,detection,0.5759860890887013,2021,180.0,,,,,,,C:\git_repo\Stellar-World-Model\experiments\exp08_menu_channel\mu_cache,C:\git_repo\Stellar-World-Model\experiments\exp08_menu_channel\subset_mu_cache
v1,hann0p3_fbwd_s1,hann0p3_fbwd,1,mean,xgb,features_plus_mu,transit,detection,0.20616380473264753,2021,122.0,,,,,,,C:\git_repo\Stellar-World-Model\experiments\exp08_menu_channel\mu_cache,C:\git_repo\Stellar-World-Model\experiments\exp08_menu_channel\subset_mu_cache
menu,features,features,1,mean,xgb,features_only,osc_giant,detection,0.9295776855857422,3429,1313.0,mean,0.9658716744147877,,,,,C:\git_repo\Stellar-World-Model\experiments\exp08_menu_channel\mu_cache,C:\git_repo\Stellar-World-Model\experiments\exp08_menu_channel\subset_mu_cache
menu,features,features,1,mean,xgb,features_only,solar_like_osc,detection,0.4748865893132684,3429,417.0,mean,0.8598336470266017,,,,,C:\git_repo\Stellar-World-Model\experiments\exp08_menu_channel\mu_cache,C:\git_repo\Stellar-World-Model\experiments\exp08_menu_channel\subset_mu_cache
menu,features,features,1,mean,xgb,features_only,flare,detection,0.5643314332073088,3429,304.0,mean,0.9185105263157896,,,,,C:\git_repo\Stellar-World-Model\experiments\exp08_menu_channel\mu_cache,C:\git_repo\Stellar-World-Model\experiments\exp08_menu_channel\subset_mu_cache
menu,features,features,1,mean,xgb,features_only,rgb_vs_heb,contrastive,0.8509431525412657,161,113.0,mean,0.7206858407079646,,,,,C:\git_repo\Stellar-World-Model\experiments\exp08_menu_channel\mu_cache,C:\git_repo\Stellar-World-Model\experiments\exp08_menu_channel\subset_mu_cache
menu,features,features,1,mean,xgb,features_only,numax_hon,regression,,1313,,mean,,0.9172044874505132,0.059738603628166215,0.9263622142302709,True,C:\git_repo\Stellar-World-Model\experiments\exp08_menu_channel\mu_cache,C:\git_repo\Stellar-World-Model\experiments\exp08_menu_channel\subset_mu_cache
menu,features,features,1,mean,xgb,features_only,numax_hatt,regression,,417,,mean,,0.9427684262640788,0.10274084343181354,0.9688572281562493,True,C:\git_repo\Stellar-World-Model\experiments\exp08_menu_channel\mu_cache,C:\git_repo\Stellar-World-Model\experiments\exp08_menu_channel\subset_mu_cache
menu,features,features,1,mean,xgb,features_only,dnu_hatt,regression,,417,,mean,,0.9375599489475388,0.0859161466597163,0.9681538323269178,True,C:\git_repo\Stellar-World-Model\experiments\exp08_menu_channel\mu_cache,C:\git_repo\Stellar-World-Model\experiments\exp08_menu_channel\subset_mu_cache
menu,features,features,1,mean,xgb,features_only,prot_kounkel,regression,,138,,mean,,0.5392386957258068,1.0252785599647896,0.8203285268709878,False,C:\git_repo\Stellar-World-Model\experiments\exp08_menu_channel\mu_cache,C:\git_repo\Stellar-World-Model\experiments\exp08_menu_channel\subset_mu_cache
menu,features,features,1,mean,xgb,features_only,rotation_period,regression,,150,,mean,,0.6979569729488757,0.597640833123434,0.8357254884553424,False,C:\git_repo\Stellar-World-Model\experiments\exp08_menu_channel\mu_cache,C:\git_repo\Stellar-World-Model\experiments\exp08_menu_channel\subset_mu_cache
menu,features,features,1,mean,xgb,features_only,ijspeert,detection,0.4495862186687188,2021,93.0,mean,0.9018259492258958,,,,,C:\git_repo\Stellar-World-Model\experiments\exp08_menu_channel\mu_cache,C:\git_repo\Stellar-World-Model\experiments\exp08_menu_channel\subset_mu_cache
menu,features,features,1,mean,xgb,features_only,ijspeert_excl_villanova,detection,0.31627527586386933,1825,19.0,mean,0.7773357813137495,,,,,C:\git_repo\Stellar-World-Model\experiments\exp08_menu_channel\mu_cache,C:\git_repo\Stellar-World-Model\experiments\exp08_menu_channel\subset_mu_cache
menu,hann0p3_fbwd_s1,hann0p3_fbwd,1,mean,xgb,mu,osc_giant,detection,0.9046041022040852,3429,1313.0,mean,0.9538236941332637,,,,,C:\git_repo\Stellar-World-Model\experiments\exp08_menu_channel\mu_cache,C:\git_repo\Stellar-World-Model\experiments\exp08_menu_channel\subset_mu_cache
menu,hann0p3_fbwd_s1,hann0p3_fbwd,1,mean,xgb,mu,solar_like_osc,detection,0.4231058437371532,3429,417.0,mean,0.8389535383645274,,,,,C:\git_repo\Stellar-World-Model\experiments\exp08_menu_channel\mu_cache,C:\git_repo\Stellar-World-Model\experiments\exp08_menu_channel\subset_mu_cache
menu,hann0p3_fbwd_s1,hann0p3_fbwd,1,mean,xgb,mu,flare,detection,0.46126841470562774,3429,304.0,mean,0.8888184210526315,,,,,C:\git_repo\Stellar-World-Model\experiments\exp08_menu_channel\mu_cache,C:\git_repo\Stellar-World-Model\experiments\exp08_menu_channel\subset_mu_cache
menu,hann0p3_fbwd_s1,hann0p3_fbwd,1,mean,xgb,mu,rgb_vs_heb,contrastive,0.8657631950522058,161,113.0,mean,0.7321165191740413,,,,,C:\git_repo\Stellar-World-Model\experiments\exp08_menu_channel\mu_cache,C:\git_repo\Stellar-World-Model\experiments\exp08_menu_channel\subset_mu_cache
menu,hann0p3_fbwd_s1,hann0p3_fbwd,1,mean,xgb,mu,numax_hon,regression,,1313,,mean,,0.8262664829404971,0.0865353337839574,0.8528291959364945,True,C:\git_repo\Stellar-World-Model\experiments\exp08_menu_channel\mu_cache,C:\git_repo\Stellar-World-Model\experiments\exp08_menu_channel\subset_mu_cache
menu,hann0p3_fbwd_s1,hann0p3_fbwd,1,mean,xgb,mu,numax_hatt,regression,,417,,mean,,0.8264071161783924,0.1789333288495261,0.9214379524331564,True,C:\git_repo\Stellar-World-Model\experiments\exp08_menu_channel\mu_cache,C:\git_repo\Stellar-World-Model\experiments\exp08_menu_channel\subset_mu_cache
menu,hann0p3_fbwd_s1,hann0p3_fbwd,1,mean,xgb,mu,dnu_hatt,regression,,417,,mean,,0.8230723105159942,0.14462423307882494,0.917718666351296,True,C:\git_repo\Stellar-World-Model\experiments\exp08_menu_channel\mu_cache,C:\git_repo\Stellar-World-Model\experiments\exp08_menu_channel\subset_mu_cache
menu,hann0p3_fbwd_s1,hann0p3_fbwd,1,mean,xgb,mu,prot_kounkel,regression,,138,,mean,,0.44170341823483716,1.128590423211939,0.766624319534055,False,C:\git_repo\Stellar-World-Model\experiments\exp08_menu_channel\mu_cache,C:\git_repo\Stellar-World-Model\experiments\exp08_menu_channel\subset_mu_cache
menu,hann0p3_fbwd_s1,hann0p3_fbwd,1,mean,xgb,mu,rotation_period,regression,,150,,mean,,0.6440575133388005,0.6487774860504335,0.8270025165659434,False,C:\git_repo\Stellar-World-Model\experiments\exp08_menu_channel\mu_cache,C:\git_repo\Stellar-World-Model\experiments\exp08_menu_channel\subset_mu_cache
menu,hann0p3_fbwd_s1,hann0p3_fbwd,1,mean,xgb,mu,ijspeert,detection,0.4669558776018256,2021,93.0,mean,0.9062486057198949,,,,,C:\git_repo\Stellar-World-Model\experiments\exp08_menu_channel\mu_cache,C:\git_repo\Stellar-World-Model\experiments\exp08_menu_channel\subset_mu_cache
menu,hann0p3_fbwd_s1,hann0p3_fbwd,1,mean,xgb,mu,ijspeert_excl_villanova,detection,0.33507970164881207,1825,19.0,mean,0.8086495308037536,,,,,C:\git_repo\Stellar-World-Model\experiments\exp08_menu_channel\mu_cache,C:\git_repo\Stellar-World-Model\experiments\exp08_menu_channel\subset_mu_cache
menu,hann0p3_fbwd_s1,hann0p3_fbwd,1,mean,xgb,features_plus_mu,osc_giant,detection,0.9275419020197421,3429,1313.0,mean,0.9652587114171647,,,,,C:\git_repo\Stellar-World-Model\experiments\exp08_menu_channel\mu_cache,C:\git_repo\Stellar-World-Model\experiments\exp08_menu_channel\subset_mu_cache
menu,hann0p3_fbwd_s1,hann0p3_fbwd,1,mean,xgb,features_plus_mu,solar_like_osc,detection,0.4516688494036824,3429,417.0,mean,0.8500888532202127,,,,,C:\git_repo\Stellar-World-Model\experiments\exp08_menu_channel\mu_cache,C:\git_repo\Stellar-World-Model\experiments\exp08_menu_channel\subset_mu_cache
menu,hann0p3_fbwd_s1,hann0p3_fbwd,1,mean,xgb,features_plus_mu,flare,detection,0.5671238647154818,3429,304.0,mean,0.9210094736842106,,,,,C:\git_repo\Stellar-World-Model\experiments\exp08_menu_channel\mu_cache,C:\git_repo\Stellar-World-Model\experiments\exp08_menu_channel\subset_mu_cache
menu,hann0p3_fbwd_s1,hann0p3_fbwd,1,mean,xgb,features_plus_mu,rgb_vs_heb,contrastive,0.8696646985231858,161,113.0,mean,0.7461283185840708,,,,,C:\git_repo\Stellar-World-Model\experiments\exp08_menu_channel\mu_cache,C:\git_repo\Stellar-World-Model\experiments\exp08_menu_channel\subset_mu_cache
menu,hann0p3_fbwd_s1,hann0p3_fbwd,1,mean,xgb,features_plus_mu,numax_hon,regression,,1313,,mean,,0.9190519905629732,0.05906833839070773,0.9255273425590393,True,C:\git_repo\Stellar-World-Model\experiments\exp08_menu_channel\mu_cache,C:\git_repo\Stellar-World-Model\experiments\exp08_menu_channel\subset_mu_cache
menu,hann0p3_fbwd_s1,hann0p3_fbwd,1,mean,xgb,features_plus_mu,numax_hatt,regression,,417,,mean,,0.9293564851418192,0.11414619320254923,0.9654526540370694,True,C:\git_repo\Stellar-World-Model\experiments\exp08_menu_channel\mu_cache,C:\git_repo\Stellar-World-Model\experiments\exp08_menu_channel\subset_mu_cache
menu,hann0p3_fbwd_s1,hann0p3_fbwd,1,mean,xgb,features_plus_mu,dnu_hatt,regression,,417,,mean,,0.9259209965800814,0.09358165716918011,0.9644637691675918,True,C:\git_repo\Stellar-World-Model\experiments\exp08_menu_channel\mu_cache,C:\git_repo\Stellar-World-Model\experiments\exp08_menu_channel\subset_mu_cache
menu,hann0p3_fbwd_s1,hann0p3_fbwd,1,mean,xgb,features_plus_mu,prot_kounkel,regression,,138,,mean,,0.5437940222481907,1.0201977516493606,0.8059266666942247,False,C:\git_repo\Stellar-World-Model\experiments\exp08_menu_channel\mu_cache,C:\git_repo\Stellar-World-Model\experiments\exp08_menu_channel\subset_mu_cache
menu,hann0p3_fbwd_s1,hann0p3_fbwd,1,mean,xgb,features_plus_mu,rotation_period,regression,,150,,mean,,0.7407064475584908,0.5537346678085417,0.8481534813276824,False,C:\git_repo\Stellar-World-Model\experiments\exp08_menu_channel\mu_cache,C:\git_repo\Stellar-World-Model\experiments\exp08_menu_channel\subset_mu_cache
menu,hann0p3_fbwd_s1,hann0p3_fbwd,1,mean,xgb,features_plus_mu,ijspeert,detection,0.48486342668658744,2021,93.0,mean,0.9053283808503994,,,,,C:\git_repo\Stellar-World-Model\experiments\exp08_menu_channel\mu_cache,C:\git_repo\Stellar-World-Model\experiments\exp08_menu_channel\subset_mu_cache
menu,hann0p3_fbwd_s1,hann0p3_fbwd,1,mean,xgb,features_plus_mu,ijspeert_excl_villanova,detection,0.36723016589828883,1825,19.0,mean,0.7997610304831847,,,,,C:\git_repo\Stellar-World-Model\experiments\exp08_menu_channel\mu_cache,C:\git_repo\Stellar-World-Model\experiments\exp08_menu_channel\subset_mu_cache
v1,features,features,2,mean,xgb,features_only,pulsating,detection,0.8300087466956789,2021,216.0,,,,,,,C:\git_repo\Stellar-World-Model\experiments\exp08_menu_channel\mu_cache,C:\git_repo\Stellar-World-Model\experiments\exp08_menu_channel\subset_mu_cache
v1,features,features,2,mean,xgb,features_only,eb,detection,0.7987491058246302,2021,196.0,,,,,,,C:\git_repo\Stellar-World-Model\experiments\exp08_menu_channel\mu_cache,C:\git_repo\Stellar-World-Model\experiments\exp08_menu_channel\subset_mu_cache
v1,features,features,2,mean,xgb,features_only,rotation,detection,0.5943502154412987,2021,180.0,,,,,,,C:\git_repo\Stellar-World-Model\experiments\exp08_menu_channel\mu_cache,C:\git_repo\Stellar-World-Model\experiments\exp08_menu_channel\subset_mu_cache
v1,features,features,2,mean,xgb,features_only,transit,detection,0.21537224843220437,2021,122.0,,,,,,,C:\git_repo\Stellar-World-Model\experiments\exp08_menu_channel\mu_cache,C:\git_repo\Stellar-World-Model\experiments\exp08_menu_channel\subset_mu_cache
v1,hann0p3_fbwd_s2,hann0p3_fbwd,2,mean,xgb,mu,pulsating,detection,0.8294815924895167,2021,216.0,,,,,,,C:\git_repo\Stellar-World-Model\experiments\exp08_menu_channel\mu_cache,C:\git_repo\Stellar-World-Model\experiments\exp08_menu_channel\subset_mu_cache
v1,hann0p3_fbwd_s2,hann0p3_fbwd,2,mean,xgb,mu,eb,detection,0.7857531332378799,2021,196.0,,,,,,,C:\git_repo\Stellar-World-Model\experiments\exp08_menu_channel\mu_cache,C:\git_repo\Stellar-World-Model\experiments\exp08_menu_channel\subset_mu_cache
v1,hann0p3_fbwd_s2,hann0p3_fbwd,2,mean,xgb,mu,rotation,detection,0.5410777774248933,2021,180.0,,,,,,,C:\git_repo\Stellar-World-Model\experiments\exp08_menu_channel\mu_cache,C:\git_repo\Stellar-World-Model\experiments\exp08_menu_channel\subset_mu_cache
v1,hann0p3_fbwd_s2,hann0p3_fbwd,2,mean,xgb,mu,transit,detection,0.22211718542171766,2021,122.0,,,,,,,C:\git_repo\Stellar-World-Model\experiments\exp08_menu_channel\mu_cache,C:\git_repo\Stellar-World-Model\experiments\exp08_menu_channel\subset_mu_cache
v1,hann0p3_fbwd_s2,hann0p3_fbwd,2,mean,xgb,features_plus_mu,pulsating,detection,0.8470083396550743,2021,216.0,,,,,,,C:\git_repo\Stellar-World-Model\experiments\exp08_menu_channel\mu_cache,C:\git_repo\Stellar-World-Model\experiments\exp08_menu_channel\subset_mu_cache
v1,hann0p3_fbwd_s2,hann0p3_fbwd,2,mean,xgb,features_plus_mu,eb,detection,0.8000785652808091,2021,196.0,,,,,,,C:\git_repo\Stellar-World-Model\experiments\exp08_menu_channel\mu_cache,C:\git_repo\Stellar-World-Model\experiments\exp08_menu_channel\subset_mu_cache
v1,hann0p3_fbwd_s2,hann0p3_fbwd,2,mean,xgb,features_plus_mu,rotation,detection,0.5609541273820965,2021,180.0,,,,,,,C:\git_repo\Stellar-World-Model\experiments\exp08_menu_channel\mu_cache,C:\git_repo\Stellar-World-Model\experiments\exp08_menu_channel\subset_mu_cache
v1,hann0p3_fbwd_s2,hann0p3_fbwd,2,mean,xgb,features_plus_mu,transit,detection,0.23970043083166312,2021,122.0,,,,,,,C:\git_repo\Stellar-World-Model\experiments\exp08_menu_channel\mu_cache,C:\git_repo\Stellar-World-Model\experiments\exp08_menu_channel\subset_mu_cache
menu,features,features,2,mean,xgb,features_only,osc_giant,detection,0.9257828223095099,3429,1313.0,mean,0.963803869117463,,,,,C:\git_repo\Stellar-World-Model\experiments\exp08_menu_channel\mu_cache,C:\git_repo\Stellar-World-Model\experiments\exp08_menu_channel\subset_mu_cache
menu,features,features,2,mean,xgb,features_only,solar_like_osc,detection,0.466338941978226,3429,417.0,mean,0.8547082652603017,,,,,C:\git_repo\Stellar-World-Model\experiments\exp08_menu_channel\mu_cache,C:\git_repo\Stellar-World-Model\experiments\exp08_menu_channel\subset_mu_cache
menu,features,features,2,mean,xgb,features_only,flare,detection,0.5690755880495451,3429,304.0,mean,0.9225042105263158,,,,,C:\git_repo\Stellar-World-Model\experiments\exp08_menu_channel\mu_cache,C:\git_repo\Stellar-World-Model\experiments\exp08_menu_channel\subset_mu_cache
menu,features,features,2,mean,xgb,features_only,rgb_vs_heb,contrastive,0.8616343333525363,161,113.0,mean,0.7667772861356932,,,,,C:\git_repo\Stellar-World-Model\experiments\exp08_menu_channel\mu_cache,C:\git_repo\Stellar-World-Model\experiments\exp08_menu_channel\subset_mu_cache
menu,features,features,2,mean,xgb,features_only,numax_hon,regression,,1313,,mean,,0.9120089788855985,0.06158441866375243,0.9242987759249943,True,C:\git_repo\Stellar-World-Model\experiments\exp08_menu_channel\mu_cache,C:\git_repo\Stellar-World-Model\experiments\exp08_menu_channel\subset_mu_cache
menu,features,features,2,mean,xgb,features_only,numax_hatt,regression,,417,,mean,,0.9378121462333323,0.10709718775114802,0.9638282721064918,True,C:\git_repo\Stellar-World-Model\experiments\exp08_menu_channel\mu_cache,C:\git_repo\Stellar-World-Model\experiments\exp08_menu_channel\subset_mu_cache
menu,features,features,2,mean,xgb,features_only,dnu_hatt,regression,,417,,mean,,0.9317914929055309,0.08979712618310634,0.961659751446321,True,C:\git_repo\Stellar-World-Model\experiments\exp08_menu_channel\mu_cache,C:\git_repo\Stellar-World-Model\experiments\exp08_menu_channel\subset_mu_cache
menu,features,features,2,mean,xgb,features_only,prot_kounkel,regression,,138,,mean,,0.54114383594167,1.0231567208551997,0.8097198899063127,False,C:\git_repo\Stellar-World-Model\experiments\exp08_menu_channel\mu_cache,C:\git_repo\Stellar-World-Model\experiments\exp08_menu_channel\subset_mu_cache
menu,features,features,2,mean,xgb,features_only,rotation_period,regression,,150,,mean,,0.6883730449308156,0.6070484625672775,0.8078350148895508,False,C:\git_repo\Stellar-World-Model\experiments\exp08_menu_channel\mu_cache,C:\git_repo\Stellar-World-Model\experiments\exp08_menu_channel\subset_mu_cache
menu,features,features,2,mean,xgb,features_only,ijspeert,detection,0.4669261994055408,2021,93.0,mean,0.8948378173381519,,,,,C:\git_repo\Stellar-World-Model\experiments\exp08_menu_channel\mu_cache,C:\git_repo\Stellar-World-Model\experiments\exp08_menu_channel\subset_mu_cache
menu,features,features,2,mean,xgb,features_only,ijspeert_excl_villanova,detection,0.37595354777053386,1825,19.0,mean,0.7981290435390803,,,,,C:\git_repo\Stellar-World-Model\experiments\exp08_menu_channel\mu_cache,C:\git_repo\Stellar-World-Model\experiments\exp08_menu_channel\subset_mu_cache
menu,hann0p3_fbwd_s2,hann0p3_fbwd,2,mean,xgb,mu,osc_giant,detection,0.9039273272795099,3429,1313.0,mean,0.9538424105606722,,,,,C:\git_repo\Stellar-World-Model\experiments\exp08_menu_channel\mu_cache,C:\git_repo\Stellar-World-Model\experiments\exp08_menu_channel\subset_mu_cache
menu,hann0p3_fbwd_s2,hann0p3_fbwd,2,mean,xgb,mu,solar_like_osc,detection,0.40534700540690843,3429,417.0,mean,0.8348436788417873,,,,,C:\git_repo\Stellar-World-Model\experiments\exp08_menu_channel\mu_cache,C:\git_repo\Stellar-World-Model\experiments\exp08_menu_channel\subset_mu_cache
menu,hann0p3_fbwd_s2,hann0p3_fbwd,2,mean,xgb,mu,flare,detection,0.49856750301752495,3429,304.0,mean,0.8865526315789474,,,,,C:\git_repo\Stellar-World-Model\experiments\exp08_menu_channel\mu_cache,C:\git_repo\Stellar-World-Model\experiments\exp08_menu_channel\subset_mu_cache
menu,hann0p3_fbwd_s2,hann0p3_fbwd,2,mean,xgb,mu,rgb_vs_heb,contrastive,0.8390358989946706,161,113.0,mean,0.728613569321534,,,,,C:\git_repo\Stellar-World-Model\experiments\exp08_menu_channel\mu_cache,C:\git_repo\Stellar-World-Model\experiments\exp08_menu_channel\subset_mu_cache
menu,hann0p3_fbwd_s2,hann0p3_fbwd,2,mean,xgb,mu,numax_hon,regression,,1313,,mean,,0.8221197878498723,0.08756196250675229,0.8478393584128178,True,C:\git_repo\Stellar-World-Model\experiments\exp08_menu_channel\mu_cache,C:\git_repo\Stellar-World-Model\experiments\exp08_menu_channel\subset_mu_cache
menu,hann0p3_fbwd_s2,hann0p3_fbwd,2,mean,xgb,mu,numax_hatt,regression,,417,,mean,,0.8283697948445795,0.17791892398271988,0.9214750225317199,True,C:\git_repo\Stellar-World-Model\experiments\exp08_menu_channel\mu_cache,C:\git_repo\Stellar-World-Model\experiments\exp08_menu_channel\subset_mu_cache
menu,hann0p3_fbwd_s2,hann0p3_fbwd,2,mean,xgb,mu,dnu_hatt,regression,,417,,mean,,0.8341036311285444,0.14004306463850513,0.9210883365393714,True,C:\git_repo\Stellar-World-Model\experiments\exp08_menu_channel\mu_cache,C:\git_repo\Stellar-World-Model\experiments\exp08_menu_channel\subset_mu_cache
menu,hann0p3_fbwd_s2,hann0p3_fbwd,2,mean,xgb,mu,prot_kounkel,regression,,138,,mean,,0.3771519899572773,1.1920512209461593,0.7483004690767303,False,C:\git_repo\Stellar-World-Model\experiments\exp08_menu_channel\mu_cache,C:\git_repo\Stellar-World-Model\experiments\exp08_menu_channel\subset_mu_cache
menu,hann0p3_fbwd_s2,hann0p3_fbwd,2,mean,xgb,mu,rotation_period,regression,,150,,mean,,0.6278844958400901,0.6633530618680694,0.8340484845486013,False,C:\git_repo\Stellar-World-Model\experiments\exp08_menu_channel\mu_cache,C:\git_repo\Stellar-World-Model\experiments\exp08_menu_channel\subset_mu_cache
menu,hann0p3_fbwd_s2,hann0p3_fbwd,2,mean,xgb,mu,ijspeert,detection,0.44270999652910253,2021,93.0,mean,0.8782235756034444,,,,,C:\git_repo\Stellar-World-Model\experiments\exp08_menu_channel\mu_cache,C:\git_repo\Stellar-World-Model\experiments\exp08_menu_channel\subset_mu_cache
menu,hann0p3_fbwd_s2,hann0p3_fbwd,2,mean,xgb,mu,ijspeert_excl_villanova,detection,0.46364096189144843,1825,19.0,mean,0.7596316372326164,,,,,C:\git_repo\Stellar-World-Model\experiments\exp08_menu_channel\mu_cache,C:\git_repo\Stellar-World-Model\experiments\exp08_menu_channel\subset_mu_cache
menu,hann0p3_fbwd_s2,hann0p3_fbwd,2,mean,xgb,features_plus_mu,osc_giant,detection,0.9218149530475533,3429,1313.0,mean,0.964164700242018,,,,,C:\git_repo\Stellar-World-Model\experiments\exp08_menu_channel\mu_cache,C:\git_repo\Stellar-World-Model\experiments\exp08_menu_channel\subset_mu_cache
menu,hann0p3_fbwd_s2,hann0p3_fbwd,2,mean,xgb,features_plus_mu,solar_like_osc,detection,0.46521335110303896,3429,417.0,mean,0.851326508514304,,,,,C:\git_repo\Stellar-World-Model\experiments\exp08_menu_channel\mu_cache,C:\git_repo\Stellar-World-Model\experiments\exp08_menu_channel\subset_mu_cache
menu,hann0p3_fbwd_s2,hann0p3_fbwd,2,mean,xgb,features_plus_mu,flare,detection,0.5846769718162613,3429,304.0,mean,0.9205610526315791,,,,,C:\git_repo\Stellar-World-Model\experiments\exp08_menu_channel\mu_cache,C:\git_repo\Stellar-World-Model\experiments\exp08_menu_channel\subset_mu_cache
menu,hann0p3_fbwd_s2,hann0p3_fbwd,2,mean,xgb,features_plus_mu,rgb_vs_heb,contrastive,0.8642206663743299,161,113.0,mean,0.7708333333333331,,,,,C:\git_repo\Stellar-World-Model\experiments\exp08_menu_channel\mu_cache,C:\git_repo\Stellar-World-Model\experiments\exp08_menu_channel\subset_mu_cache
menu,hann0p3_fbwd_s2,hann0p3_fbwd,2,mean,xgb,features_plus_mu,numax_hon,regression,,1313,,mean,,0.9189049143123826,0.0591219753314396,0.9255733386906617,True,C:\git_repo\Stellar-World-Model\experiments\exp08_menu_channel\mu_cache,C:\git_repo\Stellar-World-Model\experiments\exp08_menu_channel\subset_mu_cache
menu,hann0p3_fbwd_s2,hann0p3_fbwd,2,mean,xgb,features_plus_mu,numax_hatt,regression,,417,,mean,,0.9342654331928945,0.11010883945629309,0.9618930143716666,True,C:\git_repo\Stellar-World-Model\experiments\exp08_menu_channel\mu_cache,C:\git_repo\Stellar-World-Model\experiments\exp08_menu_channel\subset_mu_cache
menu,hann0p3_fbwd_s2,hann0p3_fbwd,2,mean,xgb,features_plus_mu,dnu_hatt,regression,,417,,mean,,0.9301433727964386,0.09087553331860826,0.9616475050207669,True,C:\git_repo\Stellar-World-Model\experiments\exp08_menu_channel\mu_cache,C:\git_repo\Stellar-World-Model\experiments\exp08_menu_channel\subset_mu_cache
menu,hann0p3_fbwd_s2,hann0p3_fbwd,2,mean,xgb,features_plus_mu,prot_kounkel,regression,,138,,mean,,0.5140806430185162,1.0528972132164605,0.7917604672378009,False,C:\git_repo\Stellar-World-Model\experiments\exp08_menu_channel\mu_cache,C:\git_repo\Stellar-World-Model\experiments\exp08_menu_channel\subset_mu_cache
menu,hann0p3_fbwd_s2,hann0p3_fbwd,2,mean,xgb,features_plus_mu,rotation_period,regression,,150,,mean,,0.7183613283500365,0.5771012288856582,0.8346842081870306,False,C:\git_repo\Stellar-World-Model\experiments\exp08_menu_channel\mu_cache,C:\git_repo\Stellar-World-Model\experiments\exp08_menu_channel\subset_mu_cache
menu,hann0p3_fbwd_s2,hann0p3_fbwd,2,mean,xgb,features_plus_mu,ijspeert,detection,0.4748703162258517,2021,93.0,mean,0.9053004952482935,,,,,C:\git_repo\Stellar-World-Model\experiments\exp08_menu_channel\mu_cache,C:\git_repo\Stellar-World-Model\experiments\exp08_menu_channel\subset_mu_cache
menu,hann0p3_fbwd_s2,hann0p3_fbwd,2,mean,xgb,features_plus_mu,ijspeert_excl_villanova,detection,0.2899187478088337,1825,19.0,mean,0.8140700588681004,,,,,C:\git_repo\Stellar-World-Model\experiments\exp08_menu_channel\mu_cache,C:\git_repo\Stellar-World-Model\experiments\exp08_menu_channel\subset_mu_cache
v1,features,features,3,mean,xgb,features_only,pulsating,detection,0.8401536570881804,2021,216.0,,,,,,,C:\git_repo\Stellar-World-Model\experiments\exp08_menu_channel\mu_cache,C:\git_repo\Stellar-World-Model\experiments\exp08_menu_channel\subset_mu_cache
v1,features,features,3,mean,xgb,features_only,eb,detection,0.7910069944674601,2021,196.0,,,,,,,C:\git_repo\Stellar-World-Model\experiments\exp08_menu_channel\mu_cache,C:\git_repo\Stellar-World-Model\experiments\exp08_menu_channel\subset_mu_cache
v1,features,features,3,mean,xgb,features_only,rotation,detection,0.6119001543872127,2021,180.0,,,,,,,C:\git_repo\Stellar-World-Model\experiments\exp08_menu_channel\mu_cache,C:\git_repo\Stellar-World-Model\experiments\exp08_menu_channel\subset_mu_cache
v1,features,features,3,mean,xgb,features_only,transit,detection,0.20277788556334458,2021,122.0,,,,,,,C:\git_repo\Stellar-World-Model\experiments\exp08_menu_channel\mu_cache,C:\git_repo\Stellar-World-Model\experiments\exp08_menu_channel\subset_mu_cache
v1,hann0p3_fbwd_s3,hann0p3_fbwd,3,mean,xgb,mu,pulsating,detection,0.8456921235432839,2021,216.0,,,,,,,C:\git_repo\Stellar-World-Model\experiments\exp08_menu_channel\mu_cache,C:\git_repo\Stellar-World-Model\experiments\exp08_menu_channel\subset_mu_cache
v1,hann0p3_fbwd_s3,hann0p3_fbwd,3,mean,xgb,mu,eb,detection,0.7847075907453275,2021,196.0,,,,,,,C:\git_repo\Stellar-World-Model\experiments\exp08_menu_channel\mu_cache,C:\git_repo\Stellar-World-Model\experiments\exp08_menu_channel\subset_mu_cache
v1,hann0p3_fbwd_s3,hann0p3_fbwd,3,mean,xgb,mu,rotation,detection,0.5400615856315264,2021,180.0,,,,,,,C:\git_repo\Stellar-World-Model\experiments\exp08_menu_channel\mu_cache,C:\git_repo\Stellar-World-Model\experiments\exp08_menu_channel\subset_mu_cache
v1,hann0p3_fbwd_s3,hann0p3_fbwd,3,mean,xgb,mu,transit,detection,0.2437767703335617,2021,122.0,,,,,,,C:\git_repo\Stellar-World-Model\experiments\exp08_menu_channel\mu_cache,C:\git_repo\Stellar-World-Model\experiments\exp08_menu_channel\subset_mu_cache
v1,hann0p3_fbwd_s3,hann0p3_fbwd,3,mean,xgb,features_plus_mu,pulsating,detection,0.8514503870291955,2021,216.0,,,,,,,C:\git_repo\Stellar-World-Model\experiments\exp08_menu_channel\mu_cache,C:\git_repo\Stellar-World-Model\experiments\exp08_menu_channel\subset_mu_cache
v1,hann0p3_fbwd_s3,hann0p3_fbwd,3,mean,xgb,features_plus_mu,eb,detection,0.8032128841600814,2021,196.0,,,,,,,C:\git_repo\Stellar-World-Model\experiments\exp08_menu_channel\mu_cache,C:\git_repo\Stellar-World-Model\experiments\exp08_menu_channel\subset_mu_cache
v1,hann0p3_fbwd_s3,hann0p3_fbwd,3,mean,xgb,features_plus_mu,rotation,detection,0.585066610437681,2021,180.0,,,,,,,C:\git_repo\Stellar-World-Model\experiments\exp08_menu_channel\mu_cache,C:\git_repo\Stellar-World-Model\experiments\exp08_menu_channel\subset_mu_cache
v1,hann0p3_fbwd_s3,hann0p3_fbwd,3,mean,xgb,features_plus_mu,transit,detection,0.2548526358204475,2021,122.0,,,,,,,C:\git_repo\Stellar-World-Model\experiments\exp08_menu_channel\mu_cache,C:\git_repo\Stellar-World-Model\experiments\exp08_menu_channel\subset_mu_cache
menu,features,features,3,mean,xgb,features_only,osc_giant,detection,0.9185893031740968,3429,1313.0,mean,0.9636123856678237,,,,,C:\git_repo\Stellar-World-Model\experiments\exp08_menu_channel\mu_cache,C:\git_repo\Stellar-World-Model\experiments\exp08_menu_channel\subset_mu_cache
menu,features,features,3,mean,xgb,features_only,solar_like_osc,detection,0.4628983670819748,3429,417.0,mean,0.8568790386017879,,,,,C:\git_repo\Stellar-World-Model\experiments\exp08_menu_channel\mu_cache,C:\git_repo\Stellar-World-Model\experiments\exp08_menu_channel\subset_mu_cache
menu,features,features,3,mean,xgb,features_only,flare,detection,0.5621816135966694,3429,304.0,mean,0.9191757894736842,,,,,C:\git_repo\Stellar-World-Model\experiments\exp08_menu_channel\mu_cache,C:\git_repo\Stellar-World-Model\experiments\exp08_menu_channel\subset_mu_cache
menu,features,features,3,mean,xgb,features_only,rgb_vs_heb,contrastive,0.8436962648339059,161,113.0,mean,0.7130346607669616,,,,,C:\git_repo\Stellar-World-Model\experiments\exp08_menu_channel\mu_cache,C:\git_repo\Stellar-World-Model\experiments\exp08_menu_channel\subset_mu_cache
menu,features,features,3,mean,xgb,features_only,numax_hon,regression,,1313,,mean,,0.9170524086717671,0.0597934423845895,0.9241856919639098,True,C:\git_repo\Stellar-World-Model\experiments\exp08_menu_channel\mu_cache,C:\git_repo\Stellar-World-Model\experiments\exp08_menu_channel\subset_mu_cache
menu,features,features,3,mean,xgb,features_only,numax_hatt,regression,,417,,mean,,0.9427526056365546,0.1027550428692492,0.9674397933607323,True,C:\git_repo\Stellar-World-Model\experiments\exp08_menu_channel\mu_cache,C:\git_repo\Stellar-World-Model\experiments\exp08_menu_channel\subset_mu_cache
menu,features,features,3,mean,xgb,features_only,dnu_hatt,regression,,417,,mean,,0.9305676239801046,0.0905991617782052,0.9636322534216994,True,C:\git_repo\Stellar-World-Model\experiments\exp08_menu_channel\mu_cache,C:\git_repo\Stellar-World-Model\experiments\exp08_menu_channel\subset_mu_cache
menu,features,features,3,mean,xgb,features_only,prot_kounkel,regression,,138,,mean,,0.5043152968556841,1.063424433753705,0.7998223697659372,False,C:\git_repo\Stellar-World-Model\experiments\exp08_menu_channel\mu_cache,C:\git_repo\Stellar-World-Model\experiments\exp08_menu_channel\subset_mu_cache
menu,features,features,3,mean,xgb,features_only,rotation_period,regression,,150,,mean,,0.6827136100878736,0.6125359420939219,0.8163089168723798,False,C:\git_repo\Stellar-World-Model\experiments\exp08_menu_channel\mu_cache,C:\git_repo\Stellar-World-Model\experiments\exp08_menu_channel\subset_mu_cache
menu,features,features,3,mean,xgb,features_only,ijspeert,detection,0.44491052409036685,2021,93.0,mean,0.9027852139383394,,,,,C:\git_repo\Stellar-World-Model\experiments\exp08_menu_channel\mu_cache,C:\git_repo\Stellar-World-Model\experiments\exp08_menu_channel\subset_mu_cache
menu,features,features,3,mean,xgb,features_only,ijspeert_excl_villanova,detection,0.3767916495498906,1825,19.0,mean,0.8240076936527365,,,,,C:\git_repo\Stellar-World-Model\experiments\exp08_menu_channel\mu_cache,C:\git_repo\Stellar-World-Model\experiments\exp08_menu_channel\subset_mu_cache
menu,hann0p3_fbwd_s3,hann0p3_fbwd,3,mean,xgb,mu,osc_giant,detection,0.8984237113486224,3429,1313.0,mean,0.9530302255905393,,,,,C:\git_repo\Stellar-World-Model\experiments\exp08_menu_channel\mu_cache,C:\git_repo\Stellar-World-Model\experiments\exp08_menu_channel\subset_mu_cache
menu,hann0p3_fbwd_s3,hann0p3_fbwd,3,mean,xgb,mu,solar_like_osc,detection,0.3998745876523722,3429,417.0,mean,0.8331717096442368,,,,,C:\git_repo\Stellar-World-Model\experiments\exp08_menu_channel\mu_cache,C:\git_repo\Stellar-World-Model\experiments\exp08_menu_channel\subset_mu_cache
menu,hann0p3_fbwd_s3,hann0p3_fbwd,3,mean,xgb,mu,flare,detection,0.5006614100307183,3429,304.0,mean,0.8854000000000001,,,,,C:\git_repo\Stellar-World-Model\experiments\exp08_menu_channel\mu_cache,C:\git_repo\Stellar-World-Model\experiments\exp08_menu_channel\subset_mu_cache
menu,hann0p3_fbwd_s3,hann0p3_fbwd,3,mean,xgb,mu,rgb_vs_heb,contrastive,0.8675881397142329,161,113.0,mean,0.7343289085545722,,,,,C:\git_repo\Stellar-World-Model\experiments\exp08_menu_channel\mu_cache,C:\git_repo\Stellar-World-Model\experiments\exp08_menu_channel\subset_mu_cache
menu,hann0p3_fbwd_s3,hann0p3_fbwd,3,mean,xgb,mu,numax_hon,regression,,1313,,mean,,0.8342068118896253,0.0845346986486967,0.8594351929504549,True,C:\git_repo\Stellar-World-Model\experiments\exp08_menu_channel\mu_cache,C:\git_repo\Stellar-World-Model\experiments\exp08_menu_channel\subset_mu_cache
menu,hann0p3_fbwd_s3,hann0p3_fbwd,3,mean,xgb,mu,numax_hatt,regression,,417,,mean,,0.811171915047828,0.18662016836552378,0.9193415059661848,True,C:\git_repo\Stellar-World-Model\experiments\exp08_menu_channel\mu_cache,C:\git_repo\Stellar-World-Model\experiments\exp08_menu_channel\subset_mu_cache
menu,hann0p3_fbwd_s3,hann0p3_fbwd,3,mean,xgb,mu,dnu_hatt,regression,,417,,mean,,0.8102131542661443,0.1497877233377553,0.9155867953514781,True,C:\git_repo\Stellar-World-Model\experiments\exp08_menu_channel\mu_cache,C:\git_repo\Stellar-World-Model\experiments\exp08_menu_channel\subset_mu_cache
menu,hann0p3_fbwd_s3,hann0p3_fbwd,3,mean,xgb,mu,prot_kounkel,regression,,138,,mean,,0.45453600915325343,1.115544550754368,0.7921056117204671,False,C:\git_repo\Stellar-World-Model\experiments\exp08_menu_channel\mu_cache,C:\git_repo\Stellar-World-Model\experiments\exp08_menu_channel\subset_mu_cache
menu,hann0p3_fbwd_s3,hann0p3_fbwd,3,mean,xgb,mu,rotation_period,regression,,150,,mean,,0.6754856177057502,0.6194736388305587,0.8417519371992634,False,C:\git_repo\Stellar-World-Model\experiments\exp08_menu_channel\mu_cache,C:\git_repo\Stellar-World-Model\experiments\exp08_menu_channel\subset_mu_cache
menu,hann0p3_fbwd_s3,hann0p3_fbwd,3,mean,xgb,mu,ijspeert,detection,0.43686422142970993,2021,93.0,mean,0.8906438227814215,,,,,C:\git_repo\Stellar-World-Model\experiments\exp08_menu_channel\mu_cache,C:\git_repo\Stellar-World-Model\experiments\exp08_menu_channel\subset_mu_cache
menu,hann0p3_fbwd_s3,hann0p3_fbwd,3,mean,xgb,mu,ijspeert_excl_villanova,detection,0.26685200150313015,1825,19.0,mean,0.7576936527364924,,,,,C:\git_repo\Stellar-World-Model\experiments\exp08_menu_channel\mu_cache,C:\git_repo\Stellar-World-Model\experiments\exp08_menu_channel\subset_mu_cache
menu,hann0p3_fbwd_s3,hann0p3_fbwd,3,mean,xgb,features_plus_mu,osc_giant,detection,0.9217995658779606,3429,1313.0,mean,0.963522042912449,,,,,C:\git_repo\Stellar-World-Model\experiments\exp08_menu_channel\mu_cache,C:\git_repo\Stellar-World-Model\experiments\exp08_menu_channel\subset_mu_cache
menu,hann0p3_fbwd_s3,hann0p3_fbwd,3,mean,xgb,features_plus_mu,solar_like_osc,detection,0.46209539382018583,3429,417.0,mean,0.8529045289664682,,,,,C:\git_repo\Stellar-World-Model\experiments\exp08_menu_channel\mu_cache,C:\git_repo\Stellar-World-Model\experiments\exp08_menu_channel\subset_mu_cache
menu,hann0p3_fbwd_s3,hann0p3_fbwd,3,mean,xgb,features_plus_mu,flare,detection,0.5527690255802716,3429,304.0,mean,0.9157126315789473,,,,,C:\git_repo\Stellar-World-Model\experiments\exp08_menu_channel\mu_cache,C:\git_repo\Stellar-World-Model\experiments\exp08_menu_channel\subset_mu_cache
menu,hann0p3_fbwd_s3,hann0p3_fbwd,3,mean,xgb,features_plus_mu,rgb_vs_heb,contrastive,0.8748864040049206,161,113.0,mean,0.7529498525073747,,,,,C:\git_repo\Stellar-World-Model\experiments\exp08_menu_channel\mu_cache,C:\git_repo\Stellar-World-Model\experiments\exp08_menu_channel\subset_mu_cache
menu,hann0p3_fbwd_s3,hann0p3_fbwd,3,mean,xgb,features_plus_mu,numax_hon,regression,,1313,,mean,,0.9197275542227439,0.058821340166459936,0.9250758597386676,True,C:\git_repo\Stellar-World-Model\experiments\exp08_menu_channel\mu_cache,C:\git_repo\Stellar-World-Model\experiments\exp08_menu_channel\subset_mu_cache
menu,hann0p3_fbwd_s3,hann0p3_fbwd,3,mean,xgb,features_plus_mu,numax_hatt,regression,,417,,mean,,0.9288207645872244,0.11457818591208424,0.9640068374473397,True,C:\git_repo\Stellar-World-Model\experiments\exp08_menu_channel\mu_cache,C:\git_repo\Stellar-World-Model\experiments\exp08_menu_channel\subset_mu_cache
menu,hann0p3_fbwd_s3,hann0p3_fbwd,3,mean,xgb,features_plus_mu,dnu_hatt,regression,,417,,mean,,0.927401675197505,0.09264168929676941,0.9634797523251049,True,C:\git_repo\Stellar-World-Model\experiments\exp08_menu_channel\mu_cache,C:\git_repo\Stellar-World-Model\experiments\exp08_menu_channel\subset_mu_cache
menu,hann0p3_fbwd_s3,hann0p3_fbwd,3,mean,xgb,features_plus_mu,prot_kounkel,regression,,138,,mean,,0.5190377127629486,1.0475129203170446,0.8074960872265604,False,C:\git_repo\Stellar-World-Model\experiments\exp08_menu_channel\mu_cache,C:\git_repo\Stellar-World-Model\experiments\exp08_menu_channel\subset_mu_cache
menu,hann0p3_fbwd_s3,hann0p3_fbwd,3,mean,xgb,features_plus_mu,rotation_period,regression,,150,,mean,,0.7391544242208208,0.5553894080388666,0.8375099671188403,False,C:\git_repo\Stellar-World-Model\experiments\exp08_menu_channel\mu_cache,C:\git_repo\Stellar-World-Model\experiments\exp08_menu_channel\subset_mu_cache
menu,hann0p3_fbwd_s3,hann0p3_fbwd,3,mean,xgb,features_plus_mu,ijspeert,detection,0.5075526265847771,2021,93.0,mean,0.9030752242002409,,,,,C:\git_repo\Stellar-World-Model\experiments\exp08_menu_channel\mu_cache,C:\git_repo\Stellar-World-Model\experiments\exp08_menu_channel\subset_mu_cache
menu,hann0p3_fbwd_s3,hann0p3_fbwd,3,mean,xgb,features_plus_mu,ijspeert_excl_villanova,detection,0.29139307840626544,1825,19.0,mean,0.8340036136853762,,,,,C:\git_repo\Stellar-World-Model\experiments\exp08_menu_channel\mu_cache,C:\git_repo\Stellar-World-Model\experiments\exp08_menu_channel\subset_mu_cache
v1,features,features,4,mean,xgb,features_only,pulsating,detection,0.8452417721741504,2021,216.0,,,,,,,C:\git_repo\Stellar-World-Model\experiments\exp08_menu_channel\mu_cache,C:\git_repo\Stellar-World-Model\experiments\exp08_menu_channel\subset_mu_cache
v1,features,features,4,mean,xgb,features_only,eb,detection,0.8009426340430514,2021,196.0,,,,,,,C:\git_repo\Stellar-World-Model\experiments\exp08_menu_channel\mu_cache,C:\git_repo\Stellar-World-Model\experiments\exp08_menu_channel\subset_mu_cache
v1,features,features,4,mean,xgb,features_only,rotation,detection,0.589708144839009,2021,180.0,,,,,,,C:\git_repo\Stellar-World-Model\experiments\exp08_menu_channel\mu_cache,C:\git_repo\Stellar-World-Model\experiments\exp08_menu_channel\subset_mu_cache
v1,features,features,4,mean,xgb,features_only,transit,detection,0.22241064519622827,2021,122.0,,,,,,,C:\git_repo\Stellar-World-Model\experiments\exp08_menu_channel\mu_cache,C:\git_repo\Stellar-World-Model\experiments\exp08_menu_channel\subset_mu_cache
v1,hann0p3_fbwd_s4,hann0p3_fbwd,4,mean,xgb,mu,pulsating,detection,0.8347399774634188,2021,216.0,,,,,,,C:\git_repo\Stellar-World-Model\experiments\exp08_menu_channel\mu_cache,C:\git_repo\Stellar-World-Model\experiments\exp08_menu_channel\subset_mu_cache
v1,hann0p3_fbwd_s4,hann0p3_fbwd,4,mean,xgb,mu,eb,detection,0.7944273063750783,2021,196.0,,,,,,,C:\git_repo\Stellar-World-Model\experiments\exp08_menu_channel\mu_cache,C:\git_repo\Stellar-World-Model\experiments\exp08_menu_channel\subset_mu_cache
v1,hann0p3_fbwd_s4,hann0p3_fbwd,4,mean,xgb,mu,rotation,detection,0.5114659336719038,2021,180.0,,,,,,,C:\git_repo\Stellar-World-Model\experiments\exp08_menu_channel\mu_cache,C:\git_repo\Stellar-World-Model\experiments\exp08_menu_channel\subset_mu_cache
v1,hann0p3_fbwd_s4,hann0p3_fbwd,4,mean,xgb,mu,transit,detection,0.26728813439478544,2021,122.0,,,,,,,C:\git_repo\Stellar-World-Model\experiments\exp08_menu_channel\mu_cache,C:\git_repo\Stellar-World-Model\experiments\exp08_menu_channel\subset_mu_cache
v1,hann0p3_fbwd_s4,hann0p3_fbwd,4,mean,xgb,features_plus_mu,pulsating,detection,0.8524176236820037,2021,216.0,,,,,,,C:\git_repo\Stellar-World-Model\experiments\exp08_menu_channel\mu_cache,C:\git_repo\Stellar-World-Model\experiments\exp08_menu_channel\subset_mu_cache
v1,hann0p3_fbwd_s4,hann0p3_fbwd,4,mean,xgb,features_plus_mu,eb,detection,0.8089396800469135,2021,196.0,,,,,,,C:\git_repo\Stellar-World-Model\experiments\exp08_menu_channel\mu_cache,C:\git_repo\Stellar-World-Model\experiments\exp08_menu_channel\subset_mu_cache
v1,hann0p3_fbwd_s4,hann0p3_fbwd,4,mean,xgb,features_plus_mu,rotation,detection,0.5741470737287068,2021,180.0,,,,,,,C:\git_repo\Stellar-World-Model\experiments\exp08_menu_channel\mu_cache,C:\git_repo\Stellar-World-Model\experiments\exp08_menu_channel\subset_mu_cache
v1,hann0p3_fbwd_s4,hann0p3_fbwd,4,mean,xgb,features_plus_mu,transit,detection,0.2471028543484524,2021,122.0,,,,,,,C:\git_repo\Stellar-World-Model\experiments\exp08_menu_channel\mu_cache,C:\git_repo\Stellar-World-Model\experiments\exp08_menu_channel\subset_mu_cache
menu,features,features,4,mean,xgb,features_only,osc_giant,detection,0.9205568026357461,3429,1313.0,mean,0.9630366755593693,,,,,C:\git_repo\Stellar-World-Model\experiments\exp08_menu_channel\mu_cache,C:\git_repo\Stellar-World-Model\experiments\exp08_menu_channel\subset_mu_cache
menu,features,features,4,mean,xgb,features_only,solar_like_osc,detection,0.4684087158762391,3429,417.0,mean,0.8556067496600329,,,,,C:\git_repo\Stellar-World-Model\experiments\exp08_menu_channel\mu_cache,C:\git_repo\Stellar-World-Model\experiments\exp08_menu_channel\subset_mu_cache
menu,features,features,4,mean,xgb,features_only,flare,detection,0.5682510060369962,3429,304.0,mean,0.9198484210526316,,,,,C:\git_repo\Stellar-World-Model\experiments\exp08_menu_channel\mu_cache,C:\git_repo\Stellar-World-Model\experiments\exp08_menu_channel\subset_mu_cache
menu,features,features,4,mean,xgb,features_only,rgb_vs_heb,contrastive,0.8819352679005892,161,113.0,mean,0.7638274336283184,,,,,C:\git_repo\Stellar-World-Model\experiments\exp08_menu_channel\mu_cache,C:\git_repo\Stellar-World-Model\experiments\exp08_menu_channel\subset_mu_cache
menu,features,features,4,mean,xgb,features_only,numax_hon,regression,,1313,,mean,,0.9178535303444214,0.0595039942843677,0.9251393122373565,True,C:\git_repo\Stellar-World-Model\experiments\exp08_menu_channel\mu_cache,C:\git_repo\Stellar-World-Model\experiments\exp08_menu_channel\subset_mu_cache
menu,features,features,4,mean,xgb,features_only,numax_hatt,regression,,417,,mean,,0.9382398946046565,0.1067282274792067,0.9627855100928837,True,C:\git_repo\Stellar-World-Model\experiments\exp08_menu_channel\mu_cache,C:\git_repo\Stellar-World-Model\experiments\exp08_menu_channel\subset_mu_cache
menu,features,features,4,mean,xgb,features_only,dnu_hatt,regression,,417,,mean,,0.9324354314625882,0.08937224549547251,0.9605391207620121,True,C:\git_repo\Stellar-World-Model\experiments\exp08_menu_channel\mu_cache,C:\git_repo\Stellar-World-Model\experiments\exp08_menu_channel\subset_mu_cache
menu,features,features,4,mean,xgb,features_only,prot_kounkel,regression,,138,,mean,,0.48789995951444787,1.0808894585018791,0.7757441120034461,False,C:\git_repo\Stellar-World-Model\experiments\exp08_menu_channel\mu_cache,C:\git_repo\Stellar-World-Model\experiments\exp08_menu_channel\subset_mu_cache
menu,features,features,4,mean,xgb,features_only,rotation_period,regression,,150,,mean,,0.7060775389195246,0.5895521712545794,0.8502301799928813,False,C:\git_repo\Stellar-World-Model\experiments\exp08_menu_channel\mu_cache,C:\git_repo\Stellar-World-Model\experiments\exp08_menu_channel\subset_mu_cache
menu,features,features,4,mean,xgb,features_only,ijspeert,detection,0.47035948982037673,2021,93.0,mean,0.8967870209253559,,,,,C:\git_repo\Stellar-World-Model\experiments\exp08_menu_channel\mu_cache,C:\git_repo\Stellar-World-Model\experiments\exp08_menu_channel\subset_mu_cache
menu,features,features,4,mean,xgb,features_only,ijspeert_excl_villanova,detection,0.3834304292555912,1825,19.0,mean,0.7982164714110859,,,,,C:\git_repo\Stellar-World-Model\experiments\exp08_menu_channel\mu_cache,C:\git_repo\Stellar-World-Model\experiments\exp08_menu_channel\subset_mu_cache
menu,hann0p3_fbwd_s4,hann0p3_fbwd,4,mean,xgb,mu,osc_giant,detection,0.9007511888369771,3429,1313.0,mean,0.949866609461586,,,,,C:\git_repo\Stellar-World-Model\experiments\exp08_menu_channel\mu_cache,C:\git_repo\Stellar-World-Model\experiments\exp08_menu_channel\subset_mu_cache
menu,hann0p3_fbwd_s4,hann0p3_fbwd,4,mean,xgb,mu,solar_like_osc,detection,0.40385681724307804,3429,417.0,mean,0.840606001254773,,,,,C:\git_repo\Stellar-World-Model\experiments\exp08_menu_channel\mu_cache,C:\git_repo\Stellar-World-Model\experiments\exp08_menu_channel\subset_mu_cache
menu,hann0p3_fbwd_s4,hann0p3_fbwd,4,mean,xgb,mu,flare,detection,0.4798223895522904,3429,304.0,mean,0.8865863157894737,,,,,C:\git_repo\Stellar-World-Model\experiments\exp08_menu_channel\mu_cache,C:\git_repo\Stellar-World-Model\experiments\exp08_menu_channel\subset_mu_cache
menu,hann0p3_fbwd_s4,hann0p3_fbwd,4,mean,xgb,mu,rgb_vs_heb,contrastive,0.8720031328207113,161,113.0,mean,0.7252949852507374,,,,,C:\git_repo\Stellar-World-Model\experiments\exp08_menu_channel\mu_cache,C:\git_repo\Stellar-World-Model\experiments\exp08_menu_channel\subset_mu_cache
menu,hann0p3_fbwd_s4,hann0p3_fbwd,4,mean,xgb,mu,numax_hon,regression,,1313,,mean,,0.8289983447412708,0.08585227826215339,0.8504180683767951,True,C:\git_repo\Stellar-World-Model\experiments\exp08_menu_channel\mu_cache,C:\git_repo\Stellar-World-Model\experiments\exp08_menu_channel\subset_mu_cache
menu,hann0p3_fbwd_s4,hann0p3_fbwd,4,mean,xgb,mu,numax_hatt,regression,,417,,mean,,0.8109565478229616,0.18672656253387993,0.91733119783092,True,C:\git_repo\Stellar-World-Model\experiments\exp08_menu_channel\mu_cache,C:\git_repo\Stellar-World-Model\experiments\exp08_menu_channel\subset_mu_cache
menu,hann0p3_fbwd_s4,hann0p3_fbwd,4,mean,xgb,mu,dnu_hatt,regression,,417,,mean,,0.8074016465949532,0.15089312430132268,0.9116750930590117,True,C:\git_repo\Stellar-World-Model\experiments\exp08_menu_channel\mu_cache,C:\git_repo\Stellar-World-Model\experiments\exp08_menu_channel\subset_mu_cache
menu,hann0p3_fbwd_s4,hann0p3_fbwd,4,mean,xgb,mu,prot_kounkel,regression,,138,,mean,,0.3846201466998207,1.1848831220029734,0.7320252932289056,False,C:\git_repo\Stellar-World-Model\experiments\exp08_menu_channel\mu_cache,C:\git_repo\Stellar-World-Model\experiments\exp08_menu_channel\subset_mu_cache
menu,hann0p3_fbwd_s4,hann0p3_fbwd,4,mean,xgb,mu,rotation_period,regression,,150,,mean,,0.6489822198082886,0.6442737146467395,0.8254950410286054,False,C:\git_repo\Stellar-World-Model\experiments\exp08_menu_channel\mu_cache,C:\git_repo\Stellar-World-Model\experiments\exp08_menu_channel\subset_mu_cache
menu,hann0p3_fbwd_s4,hann0p3_fbwd,4,mean,xgb,mu,ijspeert,detection,0.447029117726467,2021,93.0,mean,0.8657196716191496,,,,,C:\git_repo\Stellar-World-Model\experiments\exp08_menu_channel\mu_cache,C:\git_repo\Stellar-World-Model\experiments\exp08_menu_channel\subset_mu_cache
menu,hann0p3_fbwd_s4,hann0p3_fbwd,4,mean,xgb,mu,ijspeert_excl_villanova,detection,0.400758650810704,1825,19.0,mean,0.7402226496473743,,,,,C:\git_repo\Stellar-World-Model\experiments\exp08_menu_channel\mu_cache,C:\git_repo\Stellar-World-Model\experiments\exp08_menu_channel\subset_mu_cache
menu,hann0p3_fbwd_s4,hann0p3_fbwd,4,mean,xgb,features_plus_mu,osc_giant,detection,0.922305691050452,3429,1313.0,mean,0.964585639893057,,,,,C:\git_repo\Stellar-World-Model\experiments\exp08_menu_channel\mu_cache,C:\git_repo\Stellar-World-Model\experiments\exp08_menu_channel\subset_mu_cache
menu,hann0p3_fbwd_s4,hann0p3_fbwd,4,mean,xgb,features_plus_mu,solar_like_osc,detection,0.4579834425181108,3429,417.0,mean,0.8539805605714631,,,,,C:\git_repo\Stellar-World-Model\experiments\exp08_menu_channel\mu_cache,C:\git_repo\Stellar-World-Model\experiments\exp08_menu_channel\subset_mu_cache
menu,hann0p3_fbwd_s4,hann0p3_fbwd,4,mean,xgb,features_plus_mu,flare,detection,0.5702929794362307,3429,304.0,mean,0.9175136842105263,,,,,C:\git_repo\Stellar-World-Model\experiments\exp08_menu_channel\mu_cache,C:\git_repo\Stellar-World-Model\experiments\exp08_menu_channel\subset_mu_cache
menu,hann0p3_fbwd_s4,hann0p3_fbwd,4,mean,xgb,features_plus_mu,rgb_vs_heb,contrastive,0.8884468245839438,161,113.0,mean,0.7599557522123893,,,,,C:\git_repo\Stellar-World-Model\experiments\exp08_menu_channel\mu_cache,C:\git_repo\Stellar-World-Model\experiments\exp08_menu_channel\subset_mu_cache
menu,hann0p3_fbwd_s4,hann0p3_fbwd,4,mean,xgb,features_plus_mu,numax_hon,regression,,1313,,mean,,0.9217811815108872,0.058064045765065096,0.9259332385826115,True,C:\git_repo\Stellar-World-Model\experiments\exp08_menu_channel\mu_cache,C:\git_repo\Stellar-World-Model\experiments\exp08_menu_channel\subset_mu_cache
menu,hann0p3_fbwd_s4,hann0p3_fbwd,4,mean,xgb,features_plus_mu,numax_hatt,regression,,417,,mean,,0.9310975560866785,0.11273080173885663,0.9598057526835804,True,C:\git_repo\Stellar-World-Model\experiments\exp08_menu_channel\mu_cache,C:\git_repo\Stellar-World-Model\experiments\exp08_menu_channel\subset_mu_cache
menu,hann0p3_fbwd_s4,hann0p3_fbwd,4,mean,xgb,features_plus_mu,dnu_hatt,regression,,417,,mean,,0.9279947085204302,0.09226253271309075,0.9615210689515338,True,C:\git_repo\Stellar-World-Model\experiments\exp08_menu_channel\mu_cache,C:\git_repo\Stellar-World-Model\experiments\exp08_menu_channel\subset_mu_cache
menu,hann0p3_fbwd_s4,hann0p3_fbwd,4,mean,xgb,features_plus_mu,prot_kounkel,regression,,138,,mean,,0.39423283786524554,1.175592318908895,0.7418984745038093,False,C:\git_repo\Stellar-World-Model\experiments\exp08_menu_channel\mu_cache,C:\git_repo\Stellar-World-Model\experiments\exp08_menu_channel\subset_mu_cache
menu,hann0p3_fbwd_s4,hann0p3_fbwd,4,mean,xgb,features_plus_mu,rotation_period,regression,,150,,mean,,0.7114607917739337,0.5841283346346693,0.8327143428596826,False,C:\git_repo\Stellar-World-Model\experiments\exp08_menu_channel\mu_cache,C:\git_repo\Stellar-World-Model\experiments\exp08_menu_channel\subset_mu_cache
menu,hann0p3_fbwd_s4,hann0p3_fbwd,4,mean,xgb,features_plus_mu,ijspeert,detection,0.5119170034406991,2021,93.0,mean,0.8979108106902245,,,,,C:\git_repo\Stellar-World-Model\experiments\exp08_menu_channel\mu_cache,C:\git_repo\Stellar-World-Model\experiments\exp08_menu_channel\subset_mu_cache
menu,hann0p3_fbwd_s4,hann0p3_fbwd,4,mean,xgb,features_plus_mu,ijspeert_excl_villanova,detection,0.38856474361772647,1825,19.0,mean,0.7431951972955646,,,,,C:\git_repo\Stellar-World-Model\experiments\exp08_menu_channel\mu_cache,C:\git_repo\Stellar-World-Model\experiments\exp08_menu_channel\subset_mu_cache
v1,features,features,5,mean,xgb,features_only,pulsating,detection,0.8636528046579696,2021,216.0,,,,,,,C:\git_repo\Stellar-World-Model\experiments\exp08_menu_channel\mu_cache,C:\git_repo\Stellar-World-Model\experiments\exp08_menu_channel\subset_mu_cache
v1,features,features,5,mean,xgb,features_only,eb,detection,0.7957079669781121,2021,196.0,,,,,,,C:\git_repo\Stellar-World-Model\experiments\exp08_menu_channel\mu_cache,C:\git_repo\Stellar-World-Model\experiments\exp08_menu_channel\subset_mu_cache
v1,features,features,5,mean,xgb,features_only,rotation,detection,0.6142759370286045,2021,180.0,,,,,,,C:\git_repo\Stellar-World-Model\experiments\exp08_menu_channel\mu_cache,C:\git_repo\Stellar-World-Model\experiments\exp08_menu_channel\subset_mu_cache
v1,features,features,5,mean,xgb,features_only,transit,detection,0.21431241391094133,2021,122.0,,,,,,,C:\git_repo\Stellar-World-Model\experiments\exp08_menu_channel\mu_cache,C:\git_repo\Stellar-World-Model\experiments\exp08_menu_channel\subset_mu_cache
v1,hann0p3_fbwd_s5,hann0p3_fbwd,5,mean,xgb,mu,pulsating,detection,0.7873776518496334,2021,216.0,,,,,,,C:\git_repo\Stellar-World-Model\experiments\exp08_menu_channel\mu_cache,C:\git_repo\Stellar-World-Model\experiments\exp08_menu_channel\subset_mu_cache
v1,hann0p3_fbwd_s5,hann0p3_fbwd,5,mean,xgb,mu,eb,detection,0.7711903694463369,2021,196.0,,,,,,,C:\git_repo\Stellar-World-Model\experiments\exp08_menu_channel\mu_cache,C:\git_repo\Stellar-World-Model\experiments\exp08_menu_channel\subset_mu_cache
v1,hann0p3_fbwd_s5,hann0p3_fbwd,5,mean,xgb,mu,rotation,detection,0.5499596875871947,2021,180.0,,,,,,,C:\git_repo\Stellar-World-Model\experiments\exp08_menu_channel\mu_cache,C:\git_repo\Stellar-World-Model\experiments\exp08_menu_channel\subset_mu_cache
v1,hann0p3_fbwd_s5,hann0p3_fbwd,5,mean,xgb,mu,transit,detection,0.1847359051360117,2021,122.0,,,,,,,C:\git_repo\Stellar-World-Model\experiments\exp08_menu_channel\mu_cache,C:\git_repo\Stellar-World-Model\experiments\exp08_menu_channel\subset_mu_cache
v1,hann0p3_fbwd_s5,hann0p3_fbwd,5,mean,xgb,features_plus_mu,pulsating,detection,0.7971051798349048,2021,216.0,,,,,,,C:\git_repo\Stellar-World-Model\experiments\exp08_menu_channel\mu_cache,C:\git_repo\Stellar-World-Model\experiments\exp08_menu_channel\subset_mu_cache
v1,hann0p3_fbwd_s5,hann0p3_fbwd,5,mean,xgb,features_plus_mu,eb,detection,0.8049995663659073,2021,196.0,,,,,,,C:\git_repo\Stellar-World-Model\experiments\exp08_menu_channel\mu_cache,C:\git_repo\Stellar-World-Model\experiments\exp08_menu_channel\subset_mu_cache
v1,hann0p3_fbwd_s5,hann0p3_fbwd,5,mean,xgb,features_plus_mu,rotation,detection,0.5754952513213326,2021,180.0,,,,,,,C:\git_repo\Stellar-World-Model\experiments\exp08_menu_channel\mu_cache,C:\git_repo\Stellar-World-Model\experiments\exp08_menu_channel\subset_mu_cache
v1,hann0p3_fbwd_s5,hann0p3_fbwd,5,mean,xgb,features_plus_mu,transit,detection,0.2091362196112941,2021,122.0,,,,,,,C:\git_repo\Stellar-World-Model\experiments\exp08_menu_channel\mu_cache,C:\git_repo\Stellar-World-Model\experiments\exp08_menu_channel\subset_mu_cache
menu,features,features,5,mean,xgb,features_only,osc_giant,detection,0.9240325926954918,3429,1313.0,mean,0.9636912106217166,,,,,C:\git_repo\Stellar-World-Model\experiments\exp08_menu_channel\mu_cache,C:\git_repo\Stellar-World-Model\experiments\exp08_menu_channel\subset_mu_cache
menu,features,features,5,mean,xgb,features_only,solar_like_osc,detection,0.46643087274756617,3429,417.0,mean,0.8594057025296098,,,,,C:\git_repo\Stellar-World-Model\experiments\exp08_menu_channel\mu_cache,C:\git_repo\Stellar-World-Model\experiments\exp08_menu_channel\subset_mu_cache
menu,features,features,5,mean,xgb,features_only,flare,detection,0.5526342798804255,3429,304.0,mean,0.9177494736842106,,,,,C:\git_repo\Stellar-World-Model\experiments\exp08_menu_channel\mu_cache,C:\git_repo\Stellar-World-Model\experiments\exp08_menu_channel\subset_mu_cache
menu,features,features,5,mean,xgb,features_only,rgb_vs_heb,contrastive,0.8608448090649432,161,113.0,mean,0.7511061946902655,,,,,C:\git_repo\Stellar-World-Model\experiments\exp08_menu_channel\mu_cache,C:\git_repo\Stellar-World-Model\experiments\exp08_menu_channel\subset_mu_cache
menu,features,features,5,mean,xgb,features_only,numax_hon,regression,,1313,,mean,,0.9154773260329871,0.06035847818078071,0.9253157824307195,True,C:\git_repo\Stellar-World-Model\experiments\exp08_menu_channel\mu_cache,C:\git_repo\Stellar-World-Model\experiments\exp08_menu_channel\subset_mu_cache
menu,features,features,5,mean,xgb,features_only,numax_hatt,regression,,417,,mean,,0.9435236458495226,0.10206071559396987,0.9668228410060693,True,C:\git_repo\Stellar-World-Model\experiments\exp08_menu_channel\mu_cache,C:\git_repo\Stellar-World-Model\experiments\exp08_menu_channel\subset_mu_cache
menu,features,features,5,mean,xgb,features_only,dnu_hatt,regression,,417,,mean,,0.9396477697268174,0.08446753643723279,0.96401743660382,True,C:\git_repo\Stellar-World-Model\experiments\exp08_menu_channel\mu_cache,C:\git_repo\Stellar-World-Model\experiments\exp08_menu_channel\subset_mu_cache
menu,features,features,5,mean,xgb,features_only,prot_kounkel,regression,,138,,mean,,0.5377567231206138,1.0269260669542046,0.7927103108876744,False,C:\git_repo\Stellar-World-Model\experiments\exp08_menu_channel\mu_cache,C:\git_repo\Stellar-World-Model\experiments\exp08_menu_channel\subset_mu_cache
menu,features,features,5,mean,xgb,features_only,rotation_period,regression,,150,,mean,,0.6902218800551096,0.6052450208001662,0.8489817325214454,False,C:\git_repo\Stellar-World-Model\experiments\exp08_menu_channel\mu_cache,C:\git_repo\Stellar-World-Model\experiments\exp08_menu_channel\subset_mu_cache
menu,features,features,5,mean,xgb,features_only,ijspeert,detection,0.45628930752996855,2021,93.0,mean,0.9124559407486726,,,,,C:\git_repo\Stellar-World-Model\experiments\exp08_menu_channel\mu_cache,C:\git_repo\Stellar-World-Model\experiments\exp08_menu_channel\subset_mu_cache
menu,features,features,5,mean,xgb,features_only,ijspeert_excl_villanova,detection,0.34990056166424494,1825,19.0,mean,0.7902459637465757,,,,,C:\git_repo\Stellar-World-Model\experiments\exp08_menu_channel\mu_cache,C:\git_repo\Stellar-World-Model\experiments\exp08_menu_channel\subset_mu_cache
menu,hann0p3_fbwd_s5,hann0p3_fbwd,5,mean,xgb,mu,osc_giant,detection,0.8909133288888433,3429,1313.0,mean,0.9490832189951582,,,,,C:\git_repo\Stellar-World-Model\experiments\exp08_menu_channel\mu_cache,C:\git_repo\Stellar-World-Model\experiments\exp08_menu_channel\subset_mu_cache
menu,hann0p3_fbwd_s5,hann0p3_fbwd,5,mean,xgb,mu,solar_like_osc,detection,0.42080289030347673,3429,417.0,mean,0.8405976414087852,,,,,C:\git_repo\Stellar-World-Model\experiments\exp08_menu_channel\mu_cache,C:\git_repo\Stellar-World-Model\experiments\exp08_menu_channel\subset_mu_cache
menu,hann0p3_fbwd_s5,hann0p3_fbwd,5,mean,xgb,mu,flare,detection,0.479352858992882,3429,304.0,mean,0.8908168421052631,,,,,C:\git_repo\Stellar-World-Model\experiments\exp08_menu_channel\mu_cache,C:\git_repo\Stellar-World-Model\experiments\exp08_menu_channel\subset_mu_cache
menu,hann0p3_fbwd_s5,hann0p3_fbwd,5,mean,xgb,mu,rgb_vs_heb,contrastive,0.8762935334225098,161,113.0,mean,0.7323930678466077,,,,,C:\git_repo\Stellar-World-Model\experiments\exp08_menu_channel\mu_cache,C:\git_repo\Stellar-World-Model\experiments\exp08_menu_channel\subset_mu_cache
menu,hann0p3_fbwd_s5,hann0p3_fbwd,5,mean,xgb,mu,numax_hon,regression,,1313,,mean,,0.8387751250911665,0.08336191672151853,0.8537965203165832,True,C:\git_repo\Stellar-World-Model\experiments\exp08_menu_channel\mu_cache,C:\git_repo\Stellar-World-Model\experiments\exp08_menu_channel\subset_mu_cache
menu,hann0p3_fbwd_s5,hann0p3_fbwd,5,mean,xgb,mu,numax_hatt,regression,,417,,mean,,0.7984790074917454,0.1927904110486249,0.9201361962041387,True,C:\git_repo\Stellar-World-Model\experiments\exp08_menu_channel\mu_cache,C:\git_repo\Stellar-World-Model\experiments\exp08_menu_channel\subset_mu_cache
menu,hann0p3_fbwd_s5,hann0p3_fbwd,5,mean,xgb,mu,dnu_hatt,regression,,417,,mean,,0.8055669215819599,0.15161013766735643,0.9240238378431107,True,C:\git_repo\Stellar-World-Model\experiments\exp08_menu_channel\mu_cache,C:\git_repo\Stellar-World-Model\experiments\exp08_menu_channel\subset_mu_cache
menu,hann0p3_fbwd_s5,hann0p3_fbwd,5,mean,xgb,mu,prot_kounkel,regression,,138,,mean,,0.34034463006678595,1.2267679671858172,0.7214458827120024,False,C:\git_repo\Stellar-World-Model\experiments\exp08_menu_channel\mu_cache,C:\git_repo\Stellar-World-Model\experiments\exp08_menu_channel\subset_mu_cache
menu,hann0p3_fbwd_s5,hann0p3_fbwd,5,mean,xgb,mu,rotation_period,regression,,150,,mean,,0.6682987713223265,0.6262956504146824,0.8319783101471177,False,C:\git_repo\Stellar-World-Model\experiments\exp08_menu_channel\mu_cache,C:\git_repo\Stellar-World-Model\experiments\exp08_menu_channel\subset_mu_cache
menu,hann0p3_fbwd_s5,hann0p3_fbwd,5,mean,xgb,mu,ijspeert,detection,0.46837789552389403,2021,93.0,mean,0.887913822335252,,,,,C:\git_repo\Stellar-World-Model\experiments\exp08_menu_channel\mu_cache,C:\git_repo\Stellar-World-Model\experiments\exp08_menu_channel\subset_mu_cache
menu,hann0p3_fbwd_s5,hann0p3_fbwd,5,mean,xgb,mu,ijspeert_excl_villanova,detection,0.25501987308946866,1825,19.0,mean,0.7857434283382876,,,,,C:\git_repo\Stellar-World-Model\experiments\exp08_menu_channel\mu_cache,C:\git_repo\Stellar-World-Model\experiments\exp08_menu_channel\subset_mu_cache
menu,hann0p3_fbwd_s5,hann0p3_fbwd,5,mean,xgb,features_plus_mu,osc_giant,detection,0.9246656955541136,3429,1313.0,mean,0.9644269101913827,,,,,C:\git_repo\Stellar-World-Model\experiments\exp08_menu_channel\mu_cache,C:\git_repo\Stellar-World-Model\experiments\exp08_menu_channel\subset_mu_cache
menu,hann0p3_fbwd_s5,hann0p3_fbwd,5,mean,xgb,features_plus_mu,solar_like_osc,detection,0.4673244961829732,3429,417.0,mean,0.8572480660889615,,,,,C:\git_repo\Stellar-World-Model\experiments\exp08_menu_channel\mu_cache,C:\git_repo\Stellar-World-Model\experiments\exp08_menu_channel\subset_mu_cache
menu,hann0p3_fbwd_s5,hann0p3_fbwd,5,mean,xgb,features_plus_mu,flare,detection,0.5605337192265321,3429,304.0,mean,0.9193947368421054,,,,,C:\git_repo\Stellar-World-Model\experiments\exp08_menu_channel\mu_cache,C:\git_repo\Stellar-World-Model\experiments\exp08_menu_channel\subset_mu_cache
menu,hann0p3_fbwd_s5,hann0p3_fbwd,5,mean,xgb,features_plus_mu,rgb_vs_heb,contrastive,0.8871353520288687,161,113.0,mean,0.7771017699115044,,,,,C:\git_repo\Stellar-World-Model\experiments\exp08_menu_channel\mu_cache,C:\git_repo\Stellar-World-Model\experiments\exp08_menu_channel\subset_mu_cache
menu,hann0p3_fbwd_s5,hann0p3_fbwd,5,mean,xgb,features_plus_mu,numax_hon,regression,,1313,,mean,,0.9173014078897936,0.05970362838052422,0.9236738355275733,True,C:\git_repo\Stellar-World-Model\experiments\exp08_menu_channel\mu_cache,C:\git_repo\Stellar-World-Model\experiments\exp08_menu_channel\subset_mu_cache
menu,hann0p3_fbwd_s5,hann0p3_fbwd,5,mean,xgb,features_plus_mu,numax_hatt,regression,,417,,mean,,0.9307222774957431,0.11303738018502793,0.9631147554549012,True,C:\git_repo\Stellar-World-Model\experiments\exp08_menu_channel\mu_cache,C:\git_repo\Stellar-World-Model\experiments\exp08_menu_channel\subset_mu_cache
menu,hann0p3_fbwd_s5,hann0p3_fbwd,5,mean,xgb,features_plus_mu,dnu_hatt,regression,,417,,mean,,0.931939662144483,0.08969954007564071,0.9659861322577428,True,C:\git_repo\Stellar-World-Model\experiments\exp08_menu_channel\mu_cache,C:\git_repo\Stellar-World-Model\experiments\exp08_menu_channel\subset_mu_cache
menu,hann0p3_fbwd_s5,hann0p3_fbwd,5,mean,xgb,features_plus_mu,prot_kounkel,regression,,138,,mean,,0.5248138188124758,1.0412038792978902,0.8010310784770358,False,C:\git_repo\Stellar-World-Model\experiments\exp08_menu_channel\mu_cache,C:\git_repo\Stellar-World-Model\experiments\exp08_menu_channel\subset_mu_cache
menu,hann0p3_fbwd_s5,hann0p3_fbwd,5,mean,xgb,features_plus_mu,rotation_period,regression,,150,,mean,,0.7384971455062206,0.556088702945231,0.8355123970187827,False,C:\git_repo\Stellar-World-Model\experiments\exp08_menu_channel\mu_cache,C:\git_repo\Stellar-World-Model\experiments\exp08_menu_channel\subset_mu_cache
menu,hann0p3_fbwd_s5,hann0p3_fbwd,5,mean,xgb,features_plus_mu,ijspeert,detection,0.5035980178672314,2021,93.0,mean,0.9099629679204033,,,,,C:\git_repo\Stellar-World-Model\experiments\exp08_menu_channel\mu_cache,C:\git_repo\Stellar-World-Model\experiments\exp08_menu_channel\subset_mu_cache
menu,hann0p3_fbwd_s5,hann0p3_fbwd,5,mean,xgb,features_plus_mu,ijspeert_excl_villanova,detection,0.2900863324411699,1825,19.0,mean,0.7762429329136795,,,,,C:\git_repo\Stellar-World-Model\experiments\exp08_menu_channel\mu_cache,C:\git_repo\Stellar-World-Model\experiments\exp08_menu_channel\subset_mu_cache
v1,untrained,untrained,0,mean,xgb,mu,pulsating,detection,0.7651507203604555,2021,216.0,,,,,,,C:\git_repo\Stellar-World-Model\experiments\exp08_menu_channel\mu_cache,C:\git_repo\Stellar-World-Model\experiments\exp08_menu_channel\subset_mu_cache
v1,untrained,untrained,0,mean,xgb,mu,eb,detection,0.7182215939183726,2021,196.0,,,,,,,C:\git_repo\Stellar-World-Model\experiments\exp08_menu_channel\mu_cache,C:\git_repo\Stellar-World-Model\experiments\exp08_menu_channel\subset_mu_cache
v1,untrained,untrained,0,mean,xgb,mu,rotation,detection,0.5108240999820851,2021,180.0,,,,,,,C:\git_repo\Stellar-World-Model\experiments\exp08_menu_channel\mu_cache,C:\git_repo\Stellar-World-Model\experiments\exp08_menu_channel\subset_mu_cache
v1,untrained,untrained,0,mean,xgb,mu,transit,detection,0.1637036015902152,2021,122.0,,,,,,,C:\git_repo\Stellar-World-Model\experiments\exp08_menu_channel\mu_cache,C:\git_repo\Stellar-World-Model\experiments\exp08_menu_channel\subset_mu_cache
v1,untrained,untrained,0,mean,xgb,features_plus_mu,pulsating,detection,0.8524261306149038,2021,216.0,,,,,,,C:\git_repo\Stellar-World-Model\experiments\exp08_menu_channel\mu_cache,C:\git_repo\Stellar-World-Model\experiments\exp08_menu_channel\subset_mu_cache
v1,untrained,untrained,0,mean,xgb,features_plus_mu,eb,detection,0.7861391059378359,2021,196.0,,,,,,,C:\git_repo\Stellar-World-Model\experiments\exp08_menu_channel\mu_cache,C:\git_repo\Stellar-World-Model\experiments\exp08_menu_channel\subset_mu_cache
v1,untrained,untrained,0,mean,xgb,features_plus_mu,rotation,detection,0.5391898703118774,2021,180.0,,,,,,,C:\git_repo\Stellar-World-Model\experiments\exp08_menu_channel\mu_cache,C:\git_repo\Stellar-World-Model\experiments\exp08_menu_channel\subset_mu_cache
v1,untrained,untrained,0,mean,xgb,features_plus_mu,transit,detection,0.19169003902269263,2021,122.0,,,,,,,C:\git_repo\Stellar-World-Model\experiments\exp08_menu_channel\mu_cache,C:\git_repo\Stellar-World-Model\experiments\exp08_menu_channel\subset_mu_cache
menu,untrained,untrained,0,mean,xgb,mu,osc_giant,detection,0.8329902627696302,3429,1313.0,mean,0.9136175686784906,,,,,C:\git_repo\Stellar-World-Model\experiments\exp08_menu_channel\mu_cache,C:\git_repo\Stellar-World-Model\experiments\exp08_menu_channel\subset_mu_cache
menu,untrained,untrained,0,mean,xgb,mu,solar_like_osc,detection,0.19312395515417616,3429,417.0,mean,0.6839938407839466,,,,,C:\git_repo\Stellar-World-Model\experiments\exp08_menu_channel\mu_cache,C:\git_repo\Stellar-World-Model\experiments\exp08_menu_channel\subset_mu_cache
menu,untrained,untrained,0,mean,xgb,mu,flare,detection,0.4449323526298789,3429,304.0,mean,0.836202105263158,,,,,C:\git_repo\Stellar-World-Model\experiments\exp08_menu_channel\mu_cache,C:\git_repo\Stellar-World-Model\experiments\exp08_menu_channel\subset_mu_cache
menu,untrained,untrained,0,mean,xgb,mu,rgb_vs_heb,contrastive,0.7210049547770168,161,113.0,mean,0.5232300884955752,,,,,C:\git_repo\Stellar-World-Model\experiments\exp08_menu_channel\mu_cache,C:\git_repo\Stellar-World-Model\experiments\exp08_menu_channel\subset_mu_cache
menu,untrained,untrained,0,mean,xgb,mu,numax_hon,regression,,1313,,mean,,0.5213374889733683,0.14363701616515828,0.6537087331834535,True,C:\git_repo\Stellar-World-Model\experiments\exp08_menu_channel\mu_cache,C:\git_repo\Stellar-World-Model\experiments\exp08_menu_channel\subset_mu_cache
menu,untrained,untrained,0,mean,xgb,mu,numax_hatt,regression,,417,,mean,,0.7089038726379242,0.23170931668334124,0.827419163188908,True,C:\git_repo\Stellar-World-Model\experiments\exp08_menu_channel\mu_cache,C:\git_repo\Stellar-World-Model\experiments\exp08_menu_channel\subset_mu_cache
menu,untrained,untrained,0,mean,xgb,mu,dnu_hatt,regression,,417,,mean,,0.6937342749506739,0.19027965889943327,0.8237347973750885,True,C:\git_repo\Stellar-World-Model\experiments\exp08_menu_channel\mu_cache,C:\git_repo\Stellar-World-Model\experiments\exp08_menu_channel\subset_mu_cache
menu,untrained,untrained,0,mean,xgb,mu,prot_kounkel,regression,,138,,mean,,0.19222260960345716,1.3575308971840445,0.5681952836664937,False,C:\git_repo\Stellar-World-Model\experiments\exp08_menu_channel\mu_cache,C:\git_repo\Stellar-World-Model\experiments\exp08_menu_channel\subset_mu_cache
menu,untrained,untrained,0,mean,xgb,mu,rotation_period,regression,,150,,mean,,0.3577956451024743,0.8714500087217147,0.6247335437130539,False,C:\git_repo\Stellar-World-Model\experiments\exp08_menu_channel\mu_cache,C:\git_repo\Stellar-World-Model\experiments\exp08_menu_channel\subset_mu_cache
menu,untrained,untrained,0,mean,xgb,mu,ijspeert,detection,0.3891406717035353,2021,93.0,mean,0.8296886851380896,,,,,C:\git_repo\Stellar-World-Model\experiments\exp08_menu_channel\mu_cache,C:\git_repo\Stellar-World-Model\experiments\exp08_menu_channel\subset_mu_cache
menu,untrained,untrained,0,mean,xgb,mu,ijspeert_excl_villanova,detection,0.29353523826916184,1825,19.0,mean,0.6849099492918341,,,,,C:\git_repo\Stellar-World-Model\experiments\exp08_menu_channel\mu_cache,C:\git_repo\Stellar-World-Model\experiments\exp08_menu_channel\subset_mu_cache
menu,untrained,untrained,0,mean,xgb,features_plus_mu,osc_giant,detection,0.9201372902946242,3429,1313.0,mean,0.9642019531311865,,,,,C:\git_repo\Stellar-World-Model\experiments\exp08_menu_channel\mu_cache,C:\git_repo\Stellar-World-Model\experiments\exp08_menu_channel\subset_mu_cache
menu,untrained,untrained,0,mean,xgb,features_plus_mu,solar_like_osc,detection,0.45480097539396586,3429,417.0,mean,0.849358361916045,,,,,C:\git_repo\Stellar-World-Model\experiments\exp08_menu_channel\mu_cache,C:\git_repo\Stellar-World-Model\experiments\exp08_menu_channel\subset_mu_cache
menu,untrained,untrained,0,mean,xgb,features_plus_mu,flare,detection,0.5613144982882365,3429,304.0,mean,0.9128526315789474,,,,,C:\git_repo\Stellar-World-Model\experiments\exp08_menu_channel\mu_cache,C:\git_repo\Stellar-World-Model\experiments\exp08_menu_channel\subset_mu_cache
menu,untrained,untrained,0,mean,xgb,features_plus_mu,rgb_vs_heb,contrastive,0.8441041434089134,161,113.0,mean,0.7319321533923305,,,,,C:\git_repo\Stellar-World-Model\experiments\exp08_menu_channel\mu_cache,C:\git_repo\Stellar-World-Model\experiments\exp08_menu_channel\subset_mu_cache
menu,untrained,untrained,0,mean,xgb,features_plus_mu,numax_hon,regression,,1313,,mean,,0.9124461221034617,0.06143125115668346,0.920339328279274,True,C:\git_repo\Stellar-World-Model\experiments\exp08_menu_channel\mu_cache,C:\git_repo\Stellar-World-Model\experiments\exp08_menu_channel\subset_mu_cache
menu,untrained,untrained,0,mean,xgb,features_plus_mu,numax_hatt,regression,,417,,mean,,0.9247829350481062,0.11778323381308467,0.9633650613659602,True,C:\git_repo\Stellar-World-Model\experiments\exp08_menu_channel\mu_cache,C:\git_repo\Stellar-World-Model\experiments\exp08_menu_channel\subset_mu_cache
menu,untrained,untrained,0,mean,xgb,features_plus_mu,dnu_hatt,regression,,417,,mean,,0.9199071345554132,0.09730610339981897,0.9610006786116078,True,C:\git_repo\Stellar-World-Model\experiments\exp08_menu_channel\mu_cache,C:\git_repo\Stellar-World-Model\experiments\exp08_menu_channel\subset_mu_cache
menu,untrained,untrained,0,mean,xgb,features_plus_mu,prot_kounkel,regression,,138,,mean,,0.44458086704934385,1.1256783004836237,0.7636593198228216,False,C:\git_repo\Stellar-World-Model\experiments\exp08_menu_channel\mu_cache,C:\git_repo\Stellar-World-Model\experiments\exp08_menu_channel\subset_mu_cache
menu,untrained,untrained,0,mean,xgb,features_plus_mu,rotation_period,regression,,150,,mean,,0.697959671774843,0.59763816308629,0.8510156006933641,False,C:\git_repo\Stellar-World-Model\experiments\exp08_menu_channel\mu_cache,C:\git_repo\Stellar-World-Model\experiments\exp08_menu_channel\subset_mu_cache
menu,untrained,untrained,0,mean,xgb,features_plus_mu,ijspeert,detection,0.4704471580464694,2021,93.0,mean,0.8955990942756435,,,,,C:\git_repo\Stellar-World-Model\experiments\exp08_menu_channel\mu_cache,C:\git_repo\Stellar-World-Model\experiments\exp08_menu_channel\subset_mu_cache
menu,untrained,untrained,0,mean,xgb,features_plus_mu,ijspeert_excl_villanova,detection,0.3709467272747596,1825,19.0,mean,0.7118960191175613,,,,,C:\git_repo\Stellar-World-Model\experiments\exp08_menu_channel\mu_cache,C:\git_repo\Stellar-World-Model\experiments\exp08_menu_channel\subset_mu_cache
