block,task,shape,readout,readout_family,metric,n_test,n_test_pos,prevalence,features_only,reportable,contrast,family,spread_note,n_seeds,delta_mean,delta_sd,delta_2se,beats_2se,delta_s0,delta_s1,delta_s2,delta_s3,delta_s4,delta_s5
v1,pulsating,detection,mean,xgb,pr_auc,2021,216,0.10687778327560614,0.844790597931668,True,fusion_minus_features,hann0p3_fbwd,paired per seed against the engineered arm,6,-0.011051492200733018,0.03293613345164548,0.02689224035224784,False,0.0002630692263431156,-0.03549657201594025,0.01699959295939535,0.01129672994101516,0.00717585150785327,-0.06654762482306475
v1,pulsating,detection,mean,xgb,pr_auc,2021,216,0.10687778327560614,0.844790597931668,True,mu_minus_features,hann0p3_fbwd,mu-side only (features_only is seedless),6,-0.02406816608406352,0.02987590134070606,0.024393571296820567,False,-0.028382919583717414,-0.03426044165053721,-0.0005271542061622281,0.005538466455103586,-0.010501794710731649,-0.07627515280833619
v1,pulsating,detection,mean,xgb,pr_auc,2021,216,0.10687778327560614,0.844790597931668,True,fusion_minus_features,untrained,paired per seed against the engineered arm,1,-0.0026003539192044345,,,False,-0.0026003539192044345,,,,,
v1,pulsating,detection,mean,xgb,pr_auc,2021,216,0.10687778327560614,0.844790597931668,True,mu_minus_features,untrained,mu-side only (features_only is seedless),1,-0.08987576417365273,,,False,-0.08987576417365273,,,,,
v1,eb,detection,mean,xgb,pr_auc,2021,196,0.09698169223156854,0.79751419852697,True,fusion_minus_features,hann0p3_fbwd,paired per seed against the engineered arm,6,0.009960246939255957,0.008710190762645146,0.007111840976928025,True,0.02575699808178744,0.0031804890132908215,0.0013294594561789053,0.012205889692621263,0.007997046003862085,0.009291599387795224
v1,eb,detection,mean,xgb,pr_auc,2021,196,0.09698169223156854,0.79751419852697,True,mu_minus_features,hann0p3_fbwd,mu-side only (features_only is seedless),6,-0.008098531051293397,0.01220546568454791,0.009965721000064057,False,0.012800354098118971,-0.011063238897248029,-0.012995972586750337,-0.006299403722132668,-0.0065153276679731364,-0.02451759753177518
v1,eb,detection,mean,xgb,pr_auc,2021,196,0.09698169223156854,0.79751419852697,True,fusion_minus_features,untrained,paired per seed against the engineered arm,1,-0.0025344543709023837,,,False,-0.0025344543709023837,,,,,
v1,eb,detection,mean,xgb,pr_auc,2021,196,0.09698169223156854,0.79751419852697,True,mu_minus_features,untrained,mu-side only (features_only is seedless),1,-0.07045196639036566,,,False,-0.07045196639036566,,,,,
v1,rotation,detection,mean,xgb,pr_auc,2021,180,0.08906481939633845,0.5957088278425485,True,fusion_minus_features,hann0p3_fbwd,paired per seed against the engineered arm,6,-0.01969506188152864,0.017934759918268574,0.014643670153025916,False,0.01138664178347426,-0.014985624246338092,-0.033396088059202245,-0.026833543949531635,-0.01556107111030225,-0.03878068570727189
v1,rotation,detection,mean,xgb,pr_auc,2021,180,0.08906481939633845,0.5957088278425485,True,mu_minus_features,hann0p3_fbwd,mu-side only (features_only is seedless),6,-0.051922560504046956,0.02540891921517799,0.02074629566426163,False,-0.0315380259131407,-0.012327869730534347,-0.053272438016405466,-0.07183856875568628,-0.07824221116710517,-0.06431624944140979
v1,rotation,detection,mean,xgb,pr_auc,2021,180,0.08906481939633845,0.5957088278425485,True,fusion_minus_features,untrained,paired per seed against the engineered arm,1,-0.03385693171224902,,,False,-0.03385693171224902,,,,,
v1,rotation,detection,mean,xgb,pr_auc,2021,180,0.08906481939633845,0.5957088278425485,True,mu_minus_features,untrained,mu-side only (features_only is seedless),1,-0.06222270204204128,,,False,-0.06222270204204128,,,,,
v1,transit,detection,mean,xgb,pr_auc,2021,122,0.06036615536862939,0.21689725565668697,True,fusion_minus_features,hann0p3_fbwd,paired per seed against the engineered arm,6,0.011211323216447874,0.02719247096703204,0.02220255957155812,False,-0.007228441090750798,-0.021422567119700503,0.024328182399458748,0.0520747502571029,0.024692209152224115,-0.005176194299647219
v1,transit,detection,mean,xgb,pr_auc,2021,122,0.06036615536862939,0.21689725565668697,True,mu_minus_features,hann0p3_fbwd,mu-side only (features_only is seedless),6,0.00638934576907943,0.03063681183319434,0.02501485211232928,False,-0.015320117326388605,-0.009388610242492768,0.006744936989513284,0.040998884770217126,0.04487748919855716,-0.029576508774929622
v1,transit,detection,mean,xgb,pr_auc,2021,122,0.06036615536862939,0.21689725565668697,True,fusion_minus_features,untrained,paired per seed against the engineered arm,1,-0.02723392996236257,,,False,-0.02723392996236257,,,,,
v1,transit,detection,mean,xgb,pr_auc,2021,122,0.06036615536862939,0.21689725565668697,True,mu_minus_features,untrained,mu-side only (features_only is seedless),1,-0.055220367394840014,,,False,-0.055220367394840014,,,,,
menu,osc_giant,detection,mean,xgb,pr_auc,3429,1313,0.38291046952464275,0.9244172202319622,True,fusion_minus_features,hann0p3_fbwd,paired per seed against the engineered arm,6,-0.001290856348438581,0.003935466638573195,0.0032132950547501446,False,-0.007333739239866355,-0.0020357835660000934,-0.00396786926195658,0.00321026270386382,0.0017488884147058847,0.0006331028586218368
menu,osc_giant,detection,mean,xgb,pr_auc,3429,1313,0.38291046952464275,0.9244172202319622,True,mu_minus_features,hann0p3_fbwd,mu-side only (features_only is seedless),6,-0.024938235759208782,0.0054465431244832985,0.004447083839016028,False,-0.029709866712703814,-0.024973583381657005,-0.02185549503000006,-0.020165591825474394,-0.019805613798768995,-0.033119263806648425
menu,osc_giant,detection,mean,xgb,pr_auc,3429,1313,0.38291046952464275,0.9244172202319622,True,fusion_minus_features,untrained,paired per seed against the engineered arm,1,-0.007826824696562595,,,False,-0.007826824696562595,,,,,
menu,osc_giant,detection,mean,xgb,pr_auc,3429,1313,0.38291046952464275,0.9244172202319622,True,mu_minus_features,untrained,mu-side only (features_only is seedless),1,-0.09497385222155663,,,False,-0.09497385222155663,,,,,
menu,solar_like_osc,detection,mean,xgb,pr_auc,3429,417,0.1216097987751531,0.4698872483871836,True,fusion_minus_features,hann0p3_fbwd,paired per seed against the engineered arm,6,-0.007238369243234288,0.009085132912684578,0.007417979960480912,False,-0.008752261490122482,-0.023217739909585977,-0.0011255908751870436,-0.000802973261788964,-0.010425273358128317,0.0008936234354070538
menu,solar_like_osc,detection,mean,xgb,pr_auc,3429,417,0.1216097987751531,0.4698872483871836,True,mu_minus_features,hann0p3_fbwd,mu-side only (features_only is seedless),6,-0.06102894649414944,0.011887287344015134,0.009705929472893787,False,-0.08019733631061077,-0.05178074557611517,-0.06099193657131757,-0.06302377942960258,-0.06455189863316108,-0.04562798244408944
menu,solar_like_osc,detection,mean,xgb,pr_auc,3429,417,0.1216097987751531,0.4698872483871836,True,fusion_minus_features,untrained,paired per seed against the engineered arm,1,-0.025559027931861267,,,False,-0.025559027931861267,,,,,
menu,solar_like_osc,detection,mean,xgb,pr_auc,3429,417,0.1216097987751531,0.4698872483871836,True,mu_minus_features,untrained,mu-side only (features_only is seedless),1,-0.28723604817165094,,,False,-0.28723604817165094,,,,,
menu,flare,detection,mean,xgb,pr_auc,3429,304,0.08865558471857685,0.5619853597268175,True,fusion_minus_features,hann0p3_fbwd,paired per seed against the engineered arm,6,0.002609257233634273,0.008674019137815733,0.0070823069689282085,False,-0.003267096602026953,0.002792431508172988,0.01560138376671627,-0.009412588016397772,0.002041973399234509,0.007899439346106596
menu,flare,detection,mean,xgb,pr_auc,3429,304,0.08865558471857685,0.5619853597268175,True,mu_minus_features,hann0p3_fbwd,mu-side only (features_only is seedless),6,-0.07702119827340008,0.015759278481004266,0.012867396997627872,False,-0.06532584516849893,-0.10306301850168109,-0.0705080850320201,-0.061520203565951115,-0.08842861648470579,-0.07328142088754347
menu,flare,detection,mean,xgb,pr_auc,3429,304,0.08865558471857685,0.5619853597268175,True,fusion_minus_features,untrained,paired per seed against the engineered arm,1,0.005876260698276847,,,False,0.005876260698276847,,,,,
menu,flare,detection,mean,xgb,pr_auc,3429,304,0.08865558471857685,0.5619853597268175,True,mu_minus_features,untrained,mu-side only (features_only is seedless),1,-0.11050588496008079,,,False,-0.11050588496008079,,,,,
menu,rgb_vs_heb,contrastive,mean,xgb,roc_auc,161,113,0.7018633540372671,0.7463280481809242,True,fusion_minus_features,hann0p3_fbwd,paired per seed against the engineered arm,6,0.016301007866273365,0.0166895759771531,0.01362698172247902,True,0.0062684365781712215,0.025442477876106206,0.004056047197639967,0.039915191740413025,-0.0038716814159290847,0.025995575221238854
menu,rgb_vs_heb,contrastive,mean,xgb,roc_auc,161,113,0.7018633540372671,0.7463280481809242,True,mu_minus_features,hann0p3_fbwd,mu-side only (features_only is seedless),6,-0.020894788593903573,0.03220335990388539,0.026293933255907447,False,-0.06268436578171077,0.011430678466076705,-0.0381637168141592,0.021294247787610576,-0.03853244837758096,-0.01871312684365778
menu,rgb_vs_heb,contrastive,mean,xgb,roc_auc,161,113,0.7018633540372671,0.7463280481809242,True,fusion_minus_features,untrained,paired per seed against the engineered arm,1,-0.03060471976401158,,,False,-0.03060471976401158,,,,,
menu,rgb_vs_heb,contrastive,mean,xgb,roc_auc,161,113,0.7018633540372671,0.7463280481809242,True,mu_minus_features,untrained,mu-side only (features_only is seedless),1,-0.23930678466076694,,,False,-0.23930678466076694,,,,,
menu,numax_hon,regression,mean,xgb,r2,1313,-1,,0.9161642685369409,True,fusion_minus_features,hann0p3_fbwd,paired per seed against the engineered arm,6,0.0032237241513456047,0.0019616643699789027,0.001601692251015516,True,0.002172027794580478,0.0018475031124599584,0.006895935426784128,0.0026751455509768096,0.003927651166465762,0.001824081856806492
menu,numax_hon,regression,mean,xgb,r2,1313,-1,,0.9161642685369409,True,mu_minus_features,hann0p3_fbwd,mu-side only (features_only is seedless),6,-0.0850721183400698,0.0056905364987505,0.004646303594874217,False,-0.08120253116756337,-0.0909380045100161,-0.08988919103572623,-0.08284559678214176,-0.08885518560315064,-0.07670220094182068
menu,numax_hon,regression,mean,xgb,r2,1313,-1,,0.9161642685369409,True,fusion_minus_features,untrained,paired per seed against the engineered arm,1,-0.004942757732896319,,,False,-0.004942757732896319,,,,,
menu,numax_hon,regression,mean,xgb,r2,1313,-1,,0.9161642685369409,True,mu_minus_features,untrained,mu-side only (features_only is seedless),1,-0.3960513908629897,,,False,-0.3960513908629897,,,,,
menu,numax_hatt,regression,mean,xgb,r2,417,-1,,0.9401114174383274,False,fusion_minus_features,hann0p3_fbwd,paired per seed against the engineered arm,6,-0.009458634387939665,0.004464684029023495,0.0036453992446203085,False,-0.005917604243852903,-0.013411941122259519,-0.0035467130404378544,-0.013931841049330207,-0.007142338517977964,-0.01280136835377954
menu,numax_hatt,regression,mean,xgb,r2,417,-1,,0.9401114174383274,False,mu_minus_features,hann0p3_fbwd,mu-side only (features_only is seedless),6,-0.12453750118113598,0.012819912348447671,0.01046741460030066,False,-0.11751266988417786,-0.1163613100856864,-0.1094423513887528,-0.13158069058872657,-0.12728334678169495,-0.14504463835777726
menu,numax_hatt,regression,mean,xgb,r2,417,-1,,0.9401114174383274,False,fusion_minus_features,untrained,paired per seed against the engineered arm,1,-0.010788850993712962,,,False,-0.010788850993712962,,,,,
menu,numax_hatt,regression,mean,xgb,r2,417,-1,,0.9401114174383274,False,mu_minus_features,untrained,mu-side only (features_only is seedless),1,-0.22666791340389492,,,False,-0.22666791340389492,,,,,
menu,dnu_hatt,regression,mean,xgb,r2,417,-1,,0.9339436015509307,False,fusion_minus_features,hann0p3_fbwd,paired per seed against the engineered arm,6,-0.00585951116709064,0.0035862879530901156,0.002928191851920373,False,-0.006555215218902122,-0.011638952367457378,-0.0016481201090923214,-0.0031659487825995702,-0.004440722942158026,-0.0077081075823344225
menu,dnu_hatt,regression,mean,xgb,r2,417,-1,,0.9339436015509307,False,mu_minus_features,hann0p3_fbwd,mu-side only (features_only is seedless),6,-0.11990603254091385,0.012748399875493019,0.010409024910639499,False,-0.12779159231049897,-0.11448763843154464,-0.09768786177698652,-0.12035446971396035,-0.12503378486763506,-0.13408084814485755
menu,dnu_hatt,regression,mean,xgb,r2,417,-1,,0.9339436015509307,False,fusion_minus_features,untrained,paired per seed against the engineered arm,1,-0.011752207727591002,,,False,-0.011752207727591002,,,,,
menu,dnu_hatt,regression,mean,xgb,r2,417,-1,,0.9339436015509307,False,mu_minus_features,untrained,mu-side only (features_only is seedless),1,-0.23792506733233032,,,False,-0.23792506733233032,,,,,
menu,prot_kounkel,regression,mean,xgb,r2,138,-1,,0.5167014611925606,False,fusion_minus_features,hann0p3_fbwd,paired per seed against the engineered arm,6,-0.023616375064799817,0.03823612906281994,0.03121966864770374,False,-0.027302773937953106,0.004555326522383885,-0.027063192923153845,0.01472241590726453,-0.09366712164920232,-0.012942904308138048
menu,prot_kounkel,regression,mean,xgb,r2,138,-1,,0.5167014611925606,False,mu_minus_features,hann0p3_fbwd,mu-side only (features_only is seedless),6,-0.1216107722433682,0.052216798202012346,0.04263483719893612,False,-0.11766631641396108,-0.09753527749096969,-0.16399184598439276,-0.049779287702430675,-0.10327981281462717,-0.1974120930538279
menu,prot_kounkel,regression,mean,xgb,r2,138,-1,,0.5167014611925606,False,fusion_minus_features,untrained,paired per seed against the engineered arm,1,-0.045273388947796644,,,False,-0.045273388947796644,,,,,
menu,prot_kounkel,regression,mean,xgb,r2,138,-1,,0.5167014611925606,False,mu_minus_features,untrained,mu-side only (features_only is seedless),1,-0.29763164639368334,,,False,-0.29763164639368334,,,,,
menu,rotation_period,regression,mean,xgb,r2,150,-1,,0.694528279527347,True,fusion_minus_features,hann0p3_fbwd,paired per seed against the engineered arm,6,0.03570148149146768,0.017935863198294277,0.014644570977394708,True,0.031371798481502844,0.04274947460961509,0.029988283419220885,0.056440814132947215,0.005383252854409104,0.04827526545111094
menu,rotation_period,regression,mean,xgb,r2,150,-1,,0.694528279527347,True,mu_minus_features,hann0p3_fbwd,mu-side only (features_only is seedless),6,-0.03949893619891598,0.021530226001995376,0.01757935591723045,False,-0.0363591882665526,-0.05389945961007525,-0.06048854909072554,-0.007227992382123349,-0.057095319111236,-0.021923108732783136
menu,rotation_period,regression,mean,xgb,r2,150,-1,,0.694528279527347,True,fusion_minus_features,untrained,paired per seed against the engineered arm,1,-0.003866958447039437,,,False,-0.003866958447039437,,,,,
menu,rotation_period,regression,mean,xgb,r2,150,-1,,0.694528279527347,True,mu_minus_features,untrained,mu-side only (features_only is seedless),1,-0.3440309851194081,,,False,-0.3440309851194081,,,,,
menu,ijspeert,detection,mean,xgb,pr_auc,2021,93,0.04601682335477486,0.46431515689005404,True,fusion_minus_features,hann0p3_fbwd,paired per seed against the engineered arm,6,0.03645738909395579,0.018966402452917152,0.015486002755306092,True,0.024014683273559767,0.035277208017868655,0.007944116820310876,0.06264210249441021,0.041557513620322395,0.047308710337262805
menu,ijspeert,detection,mean,xgb,pr_auc,2021,93,0.04601682335477486,0.46431515689005404,True,mu_minus_features,hann0p3_fbwd,mu-side only (features_only is seedless),6,-0.012695119223239801,0.025218747766426578,0.020591021326566032,False,-0.05003608463546616,0.017369658933106824,-0.024216202876438275,-0.008046302660656923,-0.023330372093909757,0.012088587993925481
menu,ijspeert,detection,mean,xgb,pr_auc,2021,93,0.04601682335477486,0.46431515689005404,True,fusion_minus_features,untrained,paired per seed against the engineered arm,1,-0.02737204377888308,,,False,-0.02737204377888308,,,,,
menu,ijspeert,detection,mean,xgb,pr_auc,2021,93,0.04601682335477486,0.46431515689005404,True,mu_minus_features,untrained,mu-side only (features_only is seedless),1,-0.10867853012181722,,,False,-0.10867853012181722,,,,,
menu,ijspeert_excl_villanova,detection,mean,xgb,pr_auc,1825,19,0.010410958904109589,0.35929898067532634,False,fusion_minus_features,hann0p3_fbwd,paired per seed against the engineered arm,6,-0.016438170142799403,0.07089551664425328,0.0578859469431375,False,0.07652937507504914,0.0509548900344195,-0.08603479996170016,-0.08539857114362515,0.005134314362135295,-0.059814229223075055
menu,ijspeert_excl_villanova,detection,mean,xgb,pr_auc,1825,19,0.010410958904109589,0.35929898067532634,False,mu_minus_features,hann0p3_fbwd,mu-side only (features_only is seedless),6,-0.00046446966629873354,0.08431853657716569,0.0688457968240852,False,0.07821345716277417,0.018804425784942735,0.08768741412091458,-0.10993964804676043,0.01732822155511282,-0.09488068857477627
menu,ijspeert_excl_villanova,detection,mean,xgb,pr_auc,1825,19,0.010410958904109589,0.35929898067532634,False,fusion_minus_features,untrained,paired per seed against the engineered arm,1,0.017504307326931645,,,False,0.017504307326931645,,,,,
menu,ijspeert_excl_villanova,detection,mean,xgb,pr_auc,1825,19,0.010410958904109589,0.35929898067532634,False,mu_minus_features,untrained,mu-side only (features_only is seedless),1,-0.0599071816786661,,,False,-0.0599071816786661,,,,,
